"name","post_modified","post_date","byline","alt_text","description","place_name"
"151BROSUB001_0.JPG","05/29/2020","05/29/2020",,,,
"spearfish creek_0.jpg","05/29/2020","05/29/2020",,,,
"NY3IR_0.jpg","05/29/2020","05/29/2020",,,,
"SiouxFallsSD-Waterfront_0.jpg","05/29/2020","05/29/2020",,,,
"DentonTXCourthouse_0.jpg","05/29/2020","05/29/2020",,,,
"SanAntonioTX-Riverwalk-Daytime_0.jpg","05/29/2020","05/29/2020",,,,
"McKinneyTX-DowntownDaytime_0.jpg","05/29/2020","05/29/2020",,,,
"DallasTexasDowntown_0.jpg","05/29/2020","05/29/2020",,,,
"McAllenTXHeader2_0.jpg","05/29/2020","05/29/2020",,,,
"CollegeStationTX-KyleField_0.jpg","05/29/2020","05/29/2020",,,,
"AustinTXDowntown_0.jpg","05/29/2020","05/29/2020",,,,
"HoustonTXSkyline_0.jpg","05/29/2020","05/29/2020",,,,
"16784997119_f52321a28b_z_0.jpg","05/29/2020","05/29/2020",,,,
"10492321823_a4775ab790_z_0.jpg","05/29/2020","05/29/2020",,,,
"ParkCityUTDeerValleyBikes_0.jpg","05/29/2020","05/29/2020",,,,
"OgdenUT-25thStreet_0.jpg","05/29/2020","05/29/2020",,,,
"SaltLakeCityUT-DowntownFlowers_0.jpg","05/29/2020","05/29/2020",,,,
"ProvoUT-SnowCoveredMountains_0.jpg","05/29/2020","05/29/2020",,,,
"Rutland-Vermont_0.jpg","05/29/2020","05/29/2020",,,,
"Essex_Junction_VT_0_0.jpg","05/29/2020","05/29/2020",,,,
"MiddleburyVT-MiddleburyFalls_0.jpg","05/29/2020","05/29/2020",,,,
"BrattleboroVTFall2_0.jpg","05/29/2020","05/29/2020",,,,
"StoweVT-WinterRoad_0.jpg","05/29/2020","05/29/2020",,,,
"Motepelier-VT_0.jpg","05/29/2020","05/29/2020",,,,
"BurlingtonVT-ChurchStreetAtNight_0.jpg","05/29/2020","05/29/2020",,,,
"Virginia Beach Pier.jpg","05/29/2020","05/29/2020",,,,
"AlexandriaVA-Bicycling_0.jpg","05/29/2020","05/29/2020",,,,
"CharlottesvilleVA-ParamountTheatreAtChristmas_0.jpg","05/29/2020","05/29/2020",,,,
"Roanoke-VA_0.jpg","05/29/2020","05/29/2020",,,,
"NorfolkVA-Battleship_0.jpg","05/29/2020","05/29/2020",,,,
"Arlington-Financial-District_0.jpg","05/29/2020","05/29/2020",,,,
"RichmondVA-Downtown_0.jpg","05/29/2020","05/29/2020",,,,
"WashingtonCoVAHeader3_0.jpg","05/29/2020","05/29/2020",,,,
"FairfaxVA.jpg","05/29/2020","05/29/2020","iStock/photohoo","Fairfax VA",,"Fairfax"
"FredericksburgVA.jpg","05/29/2020","05/29/2020","iStock/Harlow Chandler","Fredericksburg VA",,"Fredericksburg"
"Redmond_WA_0.jpg","05/29/2020","05/29/2020",,,,
"Everett-WA_0_0.jpg","05/29/2020","05/29/2020",,,,
"Bellevue-WA-Bay_0.jpg","05/29/2020","05/29/2020",,,,
"Seattle-WA-PikePlPublicMarket_0.jpg","05/29/2020","05/29/2020",,,,
"Vancouver-Washington_0.jpg","05/29/2020","05/29/2020",,,,
"tacoma_0.jpg","05/29/2020","05/29/2020",,,,
"SpokaneWA-SpokaneRiverPCR_0.jpg","05/29/2020","05/29/2020",,,,
"Olympia-WA-Capitol_0.jpg","05/29/2020","05/29/2020",,,,
"YakimaWA.jpg","05/29/2020","05/29/2020","iStock/Michelle Baumbach","Yakima WA",,"Yakima"
"Morgantown-West-VA_0.jpg","05/29/2020","05/29/2020",,,,
"La-Crosse-WI_0.jpg","05/29/2020","05/29/2020",,,,
"MilwaukeeWI-CityLightsPatio_0.jpg","05/29/2020","05/29/2020",,,,
"AppletonWI-DowntownStreet_0.jpg","05/29/2020","05/29/2020",,,,
"Calf Killer Group.jpg","05/29/2020","05/29/2020","The Blount Partnership","Festivals in Blount County, TN",,"Knoxville"
"Madison-WI-State-Capitol_0.jpg","05/29/2020","05/29/2020",,,,
"Harvey Jackson Mural - Kevin Dooley and Google Street View (Flickr)_0_0.jpg","05/29/2020","05/29/2020",,,,
"7510908JWA7086_0_1.jpg","05/29/2020","05/29/2020",,,,
"CodyWY-YellowstoneNationalPark_0.jpg","05/29/2020","05/29/2020",,,,
"LaramieWY-Storefronts_0.jpg","05/29/2020","05/29/2020",,,,
"7570708JWA7003_1_1_0.jpg","05/29/2020","05/29/2020",,,,
"depot04_0.JPG","05/29/2020","05/29/2020",,,,
"Maryville College students.jpg","05/29/2020","05/29/2020","Hope Photography","Maryville College students, in Blount County, TN",,"Maryville"
"GreenRiverWY.jpg","05/29/2020","05/29/2020","iStock","Green River WY",,"Green River"
"cades-cove.jpg","05/29/2020","05/29/2020","The Blount Partnership","Cades Cove in the Great Smoky Mountains National Park – Blount County, TN",,"Knoxville"
"MovingtoWyoming_0.jpg","05/29/2020","05/29/2020",,,,
"JacksonHoleWYWelcomeSign_0.jpg","05/29/2020","05/29/2020",,,,
"airport.jpg","05/29/2020","05/29/2020","The Blount Partnership","McGhee Tyson Airport in Blount County, TN",,"Alcoa"
"Clayton Center-2.jpg","05/29/2020","05/29/2020","Wade Payne","Clayton Center for the Arts in Blount County, TN",,"Maryville"
"airport_0.jpg","05/29/2020","05/29/2020","The Blount Partnership","McGhee Tyson Airport in Blount County, TN",,"Alcoa"
"Blount Memorial Hospital.jpg","05/29/2020","05/29/2020","The Blount Partnership","Blount Memorial Hospital in Blount County, TN",,"Maryville"
"tuckaleechee.jpg","05/29/2020","05/29/2020","The Blount Partnership","Tuckaleechee Caverns in Blount County, TN",,"Townsend"
"Hilton-meeting space.jpg","05/29/2020","05/29/2020","The Blount Partnership","Airport Hilton Conference Center in Blount County, TN",,"Alcoa"
"PhoenixAZBotanicalCactus.jpg","05/29/2020","05/29/2020","Courtesy of Phoenix Desert Botanical Gardens","Phoenix AZ",,"Phoenix"
"PhoenixAZBotanicalGarden.jpg","05/29/2020","05/29/2020","Adam Rodriguez/Phoenix Desert Botanical Gardens","Phoenix AZ",,"Phoenix"
"10424SUB125.jpg","05/29/2020","05/29/2020","Bryan Allen","Tennessee EDG",,"Tennessee"
"10426SUB099.jpg","05/29/2020","05/29/2020","Medtronic","Tennessee EDG",,"Tennessee"
"1042028SUB011.jpg","05/29/2020","05/29/2020","flickr.com/tennecd","Tennessee EDG",,"Tennessee"
"1042028SUB035.jpg","05/29/2020","05/29/2020","flickr.com/tennecd","Tennessee EDG",,"Tennessee"
"1042028SUB037.jpg","05/29/2020","05/29/2020","flickr.com/tennecd","Tennessee EDG",,"Tennessee"
"1042028SUB049.jpg","05/29/2020","05/29/2020","Nissan North America","Tennessee EDG",,"Tennessee"
"1042028SUB054.jpg","05/29/2020","05/29/2020","Nissan North America","Tennessee EDG",,"Tennessee"
"1042028SUB062.jpg","05/29/2020","05/29/2020","Bryan Allen","Tennessee EDG",,"Tennessee"
"1042028SUB064.jpg","05/29/2020","05/29/2020","Bryan Allen","Tennessee EDG",,"Tennessee"
"1042028SUB083.jpg","05/29/2020","05/29/2020","XPO Logisitics","Tennessee EDG",,"Tennessee"
"1042028SUB086.jpg","05/29/2020","05/29/2020","Red Collar Pet Foods","Tennessee EDG",,"Tennessee"
"2010617JWA3836.jpg","05/29/2020","05/29/2020","Jeff Adkins","Tennessee EDG",,"Tennessee"
"2010618JWA3466.jpg","05/29/2020","05/29/2020","Jeff Adkins","Tennessee EDG",,"Tennessee"
"2010619JWA2158.jpg","05/29/2020","05/29/2020","Jeff Adkins","Tennessee EDG",,"Tennessee"
"6540115JSO0781_0.jpg","05/29/2020","05/29/2020","Jeffrey S. Otto","Tennessee EDG",,"Tennessee"
"7910920SUB381.jpg","05/29/2020","05/29/2020","Denso","Tennessee EDG",,"Tennessee"
"8320218JSO1511.jpg","05/29/2020","05/29/2020","Jeffrey S. Otto","Tennessee EDG",,"Tennessee"
"6540719JWA3456.jpg","05/29/2020","05/29/2020","Jeff Adkins","Tennessee EDG",,"Tennessee"
"6540719JWA4944.jpg","05/29/2020","05/29/2020","Jeff Adkins","Tennessee EDG",,"Tennessee"
"8320419JWA0394.jpg","05/29/2020","05/29/2020","Jeff Adkins","Tennessee EDG",,"Tennessee"
"8320419JWA0883.jpg","05/29/2020","05/29/2020","Jeff Adkins","Tennessee EDG",,"Tennessee"
"8320419JWA0888.jpg","05/29/2020","05/29/2020","Jeff Adkins","Tennessee EDG",,"Tennessee"
"8320419JWA9073.jpg","05/29/2020","05/29/2020","Jeff Adkins","Tennessee EDG",,"Tennessee"
"8320419SUB065.jpg","05/29/2020","05/29/2020","Volkswagen","Tennessee EDG",,"Tennessee"
"8320419SUB075.jpg","05/29/2020","05/29/2020","Jackson Riley Parker/Volkswagen","Tennessee EDG",,"Tennessee"
"8330220MDT5051.jpg","05/29/2020","05/29/2020","Michael D. Tedesco","Tennessee EDG",,"Tennessee"
"21950832_1487038934707783_742398300276141839_o.jpg","05/29/2020","05/29/2020","Kelly Lacy @makebeautiful","Tennessee EDG",,"Tennessee"
"832111915JWA146.jpg","05/29/2020","05/29/2020","Jeffrey S. Otto","Tennessee EDG",,"Tennessee"
"15753238047_ab2ae192f5_o.jpg","05/29/2020","05/29/2020","Bryan Allen/The Tennessee Department of Economic and Community Development","Tennessee EDG",,"Tennessee"
"31125863987_ed23897746_o.jpg","05/29/2020","05/29/2020","flickr.com/tennecd","Tennessee EDG",,"Tennessee"
"45059968844_017355a093_o.jpg","05/29/2020","05/29/2020","flickr.com/tennecd","Tennessee EDG",,"Tennessee"
"49069915382_66df1cf368_o.jpg","05/29/2020","05/29/2020","Tennessee Department of Economic and Community Development","Tennessee EDG",,"Tennessee"
"IMG_5068cbsm.jpg","05/29/2020","05/29/2020","Chad Branton/Sevierville CVB","Tennessee EDG",,"Tennessee"
"1041927SUB348.jpg","06/01/2020","06/01/2020","University of Tennessee","Tennessee EDG",,"Tennessee"
"DJI_0074.jpg","06/01/2020","06/01/2020","Meridian Chamber of Commerce","Meridian, Idaho is the perfect place for your next vacation",,"Meridian"
"RedShirtMomGoKart.jpg","06/01/2020","06/01/2020","Meridian Chamber of Commerce","Wahooz Family Fun Zone in Meridian, Idaho",,"Meridian"
"Settlers Park Splash Pad 2.jpg","06/01/2020","06/01/2020","Meridian Chamber of Commerce","Children enjoy the splash pad at Settlers Park in Meridian, Idaho",,"Meridian"
"8620319MMFRE0006.jpg","06/01/2020","06/01/2020","Marjorie McBride","Patrons enjoy Grimaldi's Pizza in Meridian, Idaho",,"Meridian"
"DJI_0074-SB.jpg","06/01/2020","06/01/2020","Meridian Chamber of Commerce","Meridian, Idaho is the perfect place for your next vacation",,"Meridian"
"DJI_0074-sized.jpg","06/01/2020","06/01/2020","Meridian Chamber of Commerce","Meridian, Idaho is the perfect place for your next vacation",,"Meridian"
"DJI_0074-sized-1.jpg","06/02/2020","06/02/2020","Meridian Chamber of Commerce","Meridian, Idaho is the perfect place for your next vacation",,"Meridian"
"PABizCarnie-Fryfogle-III.jpg","06/02/2020","06/02/2020","Carnie Fryfogle III","Pennsylvania",,"Hanover"
"PABizHilary-Young.jpg","06/02/2020","06/02/2020","Hilary Young","Pennsylvania",,"Philadelphia"
"PABizJamie-NorwoodCynthia-Plotch.jpg","06/02/2020","06/02/2020","Jamie Norwood (left) and Cynthia Plotch (right)","Pennsylvania",,"Philadelphia"
"PABizJason-Craparo.jpg","06/02/2020","06/02/2020","Jason Craparo","Pennsylvania",,"Skippack"
"PABizLeza-Raffel.jpg","06/02/2020","06/02/2020","Leza Raffel","Pennsylvania",,"Jenkintown"
"TEDG20_cover-web_0.jpg","06/03/2020","06/03/2020",,,,
"Why-I-Built-My-Business-in-Pennsylvania.jpg","06/03/2020","06/03/2020","iStock","Why I Built My Business in Pennsylvania",,
"LancasterPA.jpg","06/04/2020","06/04/2020","iStock/DenisTangneyJr","Lancaster PA",,"Lancaster"
"ReadingPA.jpg","06/04/2020","06/04/2020","iStock/Matt Anderson","Reading PA",,"Reading"
"AllentownPA.jpg","06/04/2020","06/04/2020","iStock/Ultima_Gaina","Allentown PA",,"Allentown"
"PARoad.jpg","06/04/2020","06/04/2020","iStock/brandonhirtphoto","Pennsylvania",,"Pennsylvania"
"PhilipsburgPA.jpg","06/04/2020","06/04/2020","iStock/HaizhanZheng","Philipsburg PA",,"Philipsburg"
"EastonPA.jpg","06/04/2020","06/04/2020","Courtesy of Doug Kerr under a  CC 2.0  license.","Easton PA",,"Easton"
"LititzPA.jpg","06/04/2020","06/04/2020","iStock/Cwieders","Lititz PA",,"Lititz"
"EriePA.jpg","06/04/2020","06/04/2020","iStock/sdominick","Erie PA",,"Erie"
"WarrenPA.jpg","06/04/2020","06/04/2020","iStock/Althom","Warren PA",,"Warren"
"TitusvillePA.jpg","06/04/2020","06/04/2020","Courtesy of  uniquelycat (Cathy) Smith  under a  CC 2.0  license.","Titusville PA",,"Titusville"
"BethlehemPA.jpg","06/04/2020","06/04/2020","iStock/Alex Potemkin","Bethlehem PA",,"Bethlehem"
"GettysburgPA.jpg","06/04/2020","06/04/2020","iStock/Pgiam","Gettysburg PA",,"Gettysburg"
"HersheyPA-HersheyPark_0.jpg","06/04/2020","06/04/2020",,,,
"ScrantonPA.jpg","06/04/2020","06/04/2020","iStock/DenisTangneyJr","Scranton PA",,"Scranton"
"HarrisburgPA.jpg","06/04/2020","06/04/2020","iStock/pabradyphoto","Harrisburg PA",,"Harrisburg"
"EvaWaskoPA1.jpg","06/04/2020","06/04/2020","Courtesy of Eva Wasko","Pennsylvania",,
"EvaWaskoPA2.jpg","06/04/2020","06/04/2020","Courtesy of Eva Wasko","Pennsylvania",,
"EvaWaskoPA3.jpg","06/04/2020","06/04/2020","Courtesy of Eva Wasko","Pennsylvania",,
"PhiladelphiaPALoveSign.jpg","06/04/2020","06/04/2020","iStock/benedek","Philadelphia PA",,"Philadelphia"
"1st-Place---Oak-Ridge---TN-Science-Bowl.jpg","06/04/2020","06/04/2020","Oak Ridge Associated Universities","Oak Ridge TN",,"Oak Ridge"
"20-006-7403.jpg","06/04/2020","06/04/2020","U.S. Department of Energy Oak Ridge Office of Environmental Management","Oak Ridge TN",,"Oak Ridge"
"83310SUB007.jpg","06/05/2020","06/05/2020","Courtesy of Oak Ridge Art Center","Oak Ridge TN",,"Oak Ridge"
"83310SUB021.jpg","06/05/2020","06/05/2020","Courtesy of the Manhattan Project","Oak Ridge TN",,"Oak Ridge"
"83313SUB018.jpg","06/05/2020","06/05/2020","Courtesy of Oak Ridge Civic Music Association Orchestra","Oak Ridge TN",,"Oak Ridge"
"83313SUB053.jpg","06/05/2020","06/05/2020","Courtesy of UCOR","Oak Ridge TN",,"Oak Ridge"
"83313SUB063.jpg","06/05/2020","06/05/2020","Courtesy of Explore Oak Ridge","Oak Ridge TN",,"Oak Ridge"
"8330220MDT5037.jpg","06/05/2020","06/05/2020","Michael D. Tedesco","Oak Ridge TN",,"Oak Ridge"
"8330220MDT5105.jpg","06/05/2020","06/05/2020","Michael D. Tedesco","Oak Ridge TN",,"Oak Ridge"
"8330220MDT5455.jpg","06/05/2020","06/05/2020","Michael D. Tedesco","Oak Ridge TN",,"Oak Ridge"
"8330220MDT5934.jpg","06/05/2020","06/05/2020","Michael D. Tedesco","Oak Ridge TN",,"Oak Ridge"
"8330220MDT6064.jpg","06/05/2020","06/05/2020","Michael D. Tedesco","Oak Ridge TN",,"Oak Ridge"
"8330220MDT6575.jpg","06/05/2020","06/05/2020","Michael D. Tedesco","Oak Ridge TN",,"Oak Ridge"
"8331015MDT2056_cover.jpg","06/05/2020","06/05/2020","Michael D. Tedesco","Oak Ridge TN",,"Oak Ridge"
"8330319NL0248.jpg","06/05/2020","06/05/2020","Nathan Lambrecht","Oak Ridge TN",,"Oak Ridge"
"8330319NL1183.jpg","06/05/2020","06/05/2020","Nathan Lambrecht","Oak Ridge TN",,"Oak Ridge"
"67479467_447133262808602_4726682474992631808_n.jpg","06/05/2020","06/05/2020","Saed Awad","Oak Ridge TN",,"Oak Ridge"
"39668499900_2e1334d838_o.jpg","06/05/2020","06/05/2020","flickr.com/chris","Oak Ridge TN",,"Oak Ridge"
"E3A0865.jpg","06/05/2020","06/05/2020","Freddy’s Frozen Custard & Steakburgers","Oak Ridge TN",,"Oak Ridge"
"ER_0263-Full-update[2].jpg","06/05/2020","06/05/2020","James Matthew Daniel","Oak Ridge TN",,"Oak Ridge"
"image2-(2).jpg","06/05/2020","06/05/2020","Joe Rodriguez Photography","Oak Ridge TN",,"Oak Ridge"
"IMG_2325.jpg","06/05/2020","06/05/2020","Oak Ridge Chamber of Commerce","Oak Ridge TN",,"Oak Ridge"
"IMG_2352.jpg","06/05/2020","06/05/2020","Oak Ridge Chamber of Commerce","Oak Ridge TN",,"Oak Ridge"
"Kai-Fu-Lee-Visit-58.jpg","06/05/2020","06/05/2020","Stephanie Richer Photography","Oak Ridge TN",,"Oak Ridge"
"yph-19-850598_960x640.jpg","06/05/2020","06/05/2020","National Nuclear Security Administration","Oak Ridge TN",,"Oak Ridge"
"StockHealthIllustration_0.jpg","06/08/2020","06/08/2020","Illustration by iStock/Color_life","Stock",,
"BoiseIDCycling.jpg","06/10/2020","06/10/2020","Photo courtesy of Boise Convention & Visitors Bureau/Chad Case","Boise ID",,"Boise"
"BoiseIDRiver.jpg","06/10/2020","06/10/2020","Photo courtesy of Boise Convention & Visitors Bureau","Boise ID",,"Boise"
"BoiseIDLive5.jpg","06/10/2020","06/10/2020","Photo courtesy of Boise Convention & Visitors Bureau/Warren Lassen","Boise ID",,"Boise"
"BoiseIDHullsGulchTrail.jpg","06/10/2020","06/10/2020","Photo courtesy of Boise Convention & Visitors Bureau/Chad Case","Boise ID",,"Boise"
"BoiseIDMountainBike.jpg","06/10/2020","06/10/2020","Photo courtesy of Boise Convention & Visitors Bureau/Chad Case","Boise ID",,"Boise"
"BoiseIDRestaurantRow_0.jpg","06/10/2020","06/10/2020","Photo courtesy of Boise Convention & Visitors Bureau/Brett Sayles","Boise ID",,"Boise"
"BoiseIDTelayaWine.jpg","06/10/2020","06/10/2020","Photo courtesy of Boise Convention & Visitors Bureau","Boise ID",,"Boise"
"BoiseIDPeople.jpg","06/10/2020","06/10/2020","Photo courtesy of Boise Convention & Visitors Bureau/Matthew Wordell","Boise ID",,"Boise"
"DeathValleySailingRocks.jpg","06/10/2020","06/10/2020","iStock",,,
"Weird-Phenomena-in-Each-Region.jpg","06/10/2020","06/10/2020","iStock",,,
"BoiseIDHeroImage.jpg","06/12/2020","06/12/2020","iStock/knowlesgallery","Boise ID",,"Boise"
"81604SUB010.jpg","06/15/2020","06/15/2020","Photo Courtesy of American Girl","Madison WI",,"Madison"
"81604SUB059.jpg","06/15/2020","06/15/2020","University of Wisconsin-Madison/Bryce Richter","Madison WI",,"Madison"
"81604SUB068.jpg","06/15/2020","06/15/2020","University of Wisconsin-Madison/Jeff Miller","Madison WI",,"Madison"
"1491019NL0786.jpg","06/15/2020","06/15/2020","Nathan Lambrecht","Madison WI",,"Madison"
"8160119JWA2147.jpg","06/15/2020","06/15/2020","Jeff Adkins","Madison WI",,"Madison"
"8160119JWA3530.jpg","06/15/2020","06/15/2020","Jeff Adkins","Madison WI",,"Madison"
"8160120NL0037.jpg","06/15/2020","06/15/2020","Nathan Lambrecht","Madison WI",,"Madison"
"8160120NL0169.jpg","06/15/2020","06/15/2020","Nathan Lambrecht","Madison WI",,"Madison"
"8160120NL0204.jpg","06/15/2020","06/15/2020","Nathan Lambrecht","Madison WI",,"Madison"
"8160120NL0324.jpg","06/15/2020","06/15/2020","Nathan Lambrecht","Madison WI",,"Madison"
"8160120NL0352.jpg","06/15/2020","06/15/2020","Nathan Lambrecht","Madison WI",,"Madison"
"8160120NL0486.jpg","06/15/2020","06/15/2020","Nathan Lambrecht","Madison WI",,"Madison"
"8160120NL0495.jpg","06/15/2020","06/15/2020","Nathan Lambrecht","Madison WI",,"Madison"
"8160120NL0522.jpg","06/15/2020","06/15/2020","Nathan Lambrecht","Madison WI",,"Madison"
"8160120NL0544.jpg","06/15/2020","06/15/2020","Nathan Lambrecht","Madison WI",,"Madison"
"8160120NL0626.jpg","06/15/2020","06/15/2020","Nathan Lambrecht","Madison WI",,"Madison"
"8160120NL0645.jpg","06/15/2020","06/15/2020","Nathan Lambrecht","Madison WI",,"Madison"
"8160120NL0718.jpg","06/15/2020","06/15/2020","Nathan Lambrecht","Madison WI",,"Madison"
"8161214SUB0001.jpg","06/15/2020","06/15/2020","Ken Fager via flickr","Madison WI",,"Madison"
"8161906SUB011.jpg","06/15/2020","06/15/2020","Center for Dairy Research","Madison WI",,"Madison"
"8162007SUB018.jpg","06/15/2020","06/15/2020","Inc./Duke Loren Photography","Madison WI",,"Madison"
"8162007SUB055.jpg","06/15/2020","06/15/2020","Cave of the Mounds National Natural Landmark","Madison WI",,"Madison"
"8162007SUB058.jpg","06/15/2020","06/15/2020","Flickr.com/Tom Gill","Madison WI",,"Madison"
"8162007SUB062.jpg","06/15/2020","06/15/2020","Flickr.com/Al","Madison WI",,"Madison"
"8162007SUB064.jpg","06/15/2020","06/15/2020","Flickr.com/Joshua Mayer","Madison WI",,"Madison"
"8162007SUB068.jpg","06/15/2020","06/15/2020","Lands End/Nancy Giard","Madison WI",,"Madison"
"8162007SUB087.jpg","06/15/2020","06/15/2020","Moraine Park Technical College","Madison WI",,"Madison"
"8162007SUB110.jpg","06/15/2020","06/15/2020","Moraine Park Technical College","Madison WI",,"Madison"
"8162007SUB114.jpg","06/15/2020","06/15/2020","Moraine Park Technical College","Madison WI",,"Madison"
"8162007SUB117.jpg","06/15/2020","06/15/2020","Moraine Park Technical College","Madison WI",,"Madison"
"8162007SUB138.jpg","06/15/2020","06/15/2020","Sub-Zero Wolf/Tim Nehotte Photography","Madison WI",,"Madison"
"8162007SUB142.jpg","06/15/2020","06/15/2020","Flickr.com/Keith Ewing","Madison WI",,"Madison"
"55549666_10157228739424248_7013720803124445184_o.jpg","06/15/2020","06/15/2020","Marsha Mood","Madison WI",,"Madison"
"Website_Landing_Page_Phone1.jpg","06/15/2020","06/15/2020","LÜM","Madison WI",,"Madison"
"30130SUB048-1.jpg","06/17/2020","06/17/2020","Courtesy of GreatDanePhotos","USDAA’s Grand Prix of Dog Agility Competition in Rutherford County, TN",,"Murfreesboro"
"Drive-in-movie-theater.jpg","06/18/2020","06/18/2020","iStock",,,
"janesvillewi.jpg","06/18/2020","06/18/2020","Jeff Adkins","Janesville WI",,"Janesville"
"beloitwi.jpg","06/18/2020","06/18/2020","Nathan Lambrecht","Beloit WI",,"Beloit"
"dodgevillewi.jpg","06/18/2020","06/18/2020","Courtesy of Lands' End","Dodgeville WI",,"Dodgeville"
"BoiseIDAmherstMadison.jpg","06/18/2020","06/18/2020","Facebook/AmherstMadison","Boise ID",,
"BoiseIDCradlepoint.png","06/18/2020","06/18/2020","Facebook/Cradlepoint","Boise ID",,
"BoiseIDerstadArchitects.jpg","06/18/2020","06/18/2020","Facebook/erstadarchitects","Boise ID",,
"2019-09-27-10.17.39.jpg","06/19/2020","06/19/2020","Dr. Charlie Apigian","Rutherford Co. TN",,"Murfreesboro"
"3010313FO7776.jpg","06/19/2020","06/19/2020","Jeffrey S. Otto","Rutherford Co. TN",,"Murfreesboro"
"2010519JWA9059.jpg","06/19/2020","06/19/2020","Jeff Adkins","Rutherford Co. TN",,"Murfreesboro"
"3010220JWA8184.jpg","06/19/2020","06/19/2020","Jeff Adkins","Rutherford Co. TN",,"Murfreesboro"
"3010220JWA8314.jpg","06/19/2020","06/19/2020","Jeff Adkins","Rutherford Co. TN",,"Murfreesboro"
"3010220JWA8558.jpg","06/19/2020","06/19/2020","Jeff Adkins","Rutherford Co. TN",,"Murfreesboro"
"3010220JWA8657.jpg","06/19/2020","06/19/2020","Jeff Adkins","Rutherford Co. TN",,"Murfreesboro"
"3010220JWA8684.jpg","06/19/2020","06/19/2020","Jeff Adkins","Rutherford Co. TN",,"Murfreesboro"
"3010220JWA8787.jpg","06/19/2020","06/19/2020","Jeff Adkins","Rutherford Co. TN",,"Murfreesboro"
"3010220JWA8977.jpg","06/19/2020","06/19/2020","Jeff Adkins","Rutherford Co. TN",,"Murfreesboro"
"3010220JWA9133.jpg","06/19/2020","06/19/2020","Jeff Adkins","Rutherford Co. TN",,"Murfreesboro"
"3010220JWA9322.jpg","06/19/2020","06/19/2020","Jeff Adkins","Rutherford Co. TN",,"Murfreesboro"
"3010317JWA1803.jpg","06/19/2020","06/19/2020","Jeff Adkins","Rutherford Co. TN",,"Murfreesboro"
"3010317JWA4257.jpg","06/19/2020","06/19/2020","Jeff Adkins","Rutherford Co. TN",,"Murfreesboro"
"3010318JWA7300.jpg","06/19/2020","06/19/2020","Jeff Adkins","Rutherford Co. TN",,"Murfreesboro"
"3010318JWA7436.jpg","06/19/2020","06/19/2020","Jeff Adkins","Rutherford Co. TN",,"Murfreesboro"
"3010520JWA1845.jpg","06/19/2020","06/19/2020","Jeff Adkins","Rutherford Co. TN",,"Murfreesboro"
"6331015JWA5274.jpg","06/19/2020","06/19/2020","Jeff Adkins","Rutherford Co. TN",,"Murfreesboro"
"8390517JWA8679.jpg","06/19/2020","06/19/2020","Jeff Adkins","Rutherford Co. TN",,"Murfreesboro"
"3011933SUB105.jpg","06/19/2020","06/19/2020","Smyrna Golf Course","Rutherford Co. TN",,"Murfreesboro"
"20190226D-049.jpg","06/19/2020","06/19/2020","J. Intintoli","Rutherford Co. TN",,"Murfreesboro"
"DSC_0032.jpg","06/19/2020","06/19/2020","Murfreesboro Parks and Recreation Department","Rutherford Co. TN",,"Murfreesboro"
"DSC_0321.jpg","06/19/2020","06/19/2020","Murfreesboro Parks and Recreation Department","Rutherford Co. TN",,"Murfreesboro"
"Frank-Caperton---Lucie-Burchfield-and-daughter-Mary-Evans.jpg","06/19/2020","06/19/2020","Frank Caperton","Rutherford Co. TN",,"Murfreesboro"
"Frank-Caperton---Susan-Lloyd-and-Mira-Patel.jpg","06/19/2020","06/19/2020","Frank Caperton","Rutherford Co. TN",,"Murfreesboro"
"miracle-field-2.jpg","06/19/2020","06/19/2020","Jim Davis","Rutherford Co. TN",,"Murfreesboro"
"190619Cc 0001.jpg","06/19/2020","06/19/2020","Chad Case/Courtesy of Boise Convention & Visitors Bureau","Downtown Boise",,
"HowCOVIDwillchangerealestate.jpg","06/22/2020","06/22/2020","iStock",,,
"OakRidge20v14-web.jpg","06/22/2020","06/22/2020",,,,
"1042028SUB048.jpg","06/23/2020","06/23/2020","Nissan North America","Rutherford Co. TN",,"Murfreesboro"
"zDr.-Amanda-Gammel---asking-about-credit.jpg","06/23/2020","06/23/2020","Photo Courtesy of DR. Amanda Gammel","Rutherford Co. TN",,"Murfreesboro"
"zDr.-Christopher-Albergo----asking-about-credit.jpg","06/23/2020","06/23/2020","Photo Courtesy of Dr. Christopher Albergo","Rutherford Co. TN",,"Murfreesboro"
"zLee-Victory-Park-With-Shades-2.jpg","06/23/2020","06/23/2020","Courtesy of Tami Phillips, Miracle of KY & TN","Rutherford Co. TN",,"Murfreesboro"
"LaVergneTN.jpg","06/24/2020","06/24/2020","Harrison McClary","La Vergne TN",,"La Vergne"
"5.4.19RedDirt-5.jpg","06/24/2020","06/24/2020","Patrick Tewey","Tyler TX",,"Tyler"
"5.4.19RedDirt-347.jpg","06/24/2020","06/24/2020","Photo Courtesy of Red Dirt BBQ & Music Festival","Tyler TX",,"Tyler"
"5.4.19RedDirt-362.jpg","06/24/2020","06/24/2020","Photo Courtesy of Red Dirt BBQ & Music Festival","Tyler TX",,"Tyler"
"5.4.19RedDirt-403.jpg","06/24/2020","06/24/2020","Photo Courtesy of Red Dirt BBQ & Music Festival","Tyler TX",,"Tyler"
"5.4.19RedDirt-493.jpg","06/24/2020","06/24/2020","Photo Courtesy of Red Dirt BBQ & Music Festival","Tyler TX",,"Tyler"
"903handmade-4-(1).jpg","06/24/2020","06/24/2020","Photo Courtesy of 903 Handmade","Tyler TX",,"Tyler"
"70811SUB025.jpg","06/24/2020","06/24/2020","Jim Grantham","Tyler TX",,"Tyler"
"70813SUB139.jpg","06/24/2020","06/24/2020","Photo Courtesy of Tyler Junior College","Tyler TX",,"Tyler"
"70815SUB018.jpg","06/24/2020","06/24/2020","Kelly Doherty","Tyler TX",,"Tyler"
"7080217JWA1403.jpg","06/25/2020","06/25/2020","Jeff Adkins","Tyler TX",,"Tyler"
"7080217JWA2390.jpg","06/25/2020","06/25/2020","Jeff Adkins","Tyler TX",,"Tyler"
"7080217JWA2861.jpg","06/25/2020","06/25/2020","Jeff Adkins","Tyler TX",,"Tyler"
"7080217JWA2998.jpg","06/25/2020","06/25/2020","Jeff Adkins","Tyler TX",,"Tyler"
"7080217JWA3761.jpg","06/25/2020","06/25/2020","Jeff Adkins","Tyler TX",,"Tyler"
"7080318JSO2850.jpg","06/25/2020","06/25/2020","Jeffrey S. Otto","Tyler TX",,"Tyler"
"7080318JSO2901.jpg","06/25/2020","06/25/2020","Jeffrey S. Otto","Tyler TX",,"Tyler"
"7080319NL1708.jpg","06/25/2020","06/25/2020","Nathan Lambrecht","Tyler TX",,"Tyler"
"7081111AB7303.jpg","06/25/2020","06/25/2020","Antony Boshier","Tyler TX",,"Tyler"
"7081013FO1302.jpg","06/25/2020","06/25/2020","Frank Ordoñez","Tyler TX",,"Tyler"
"7081013FO1552.jpg","06/25/2020","06/25/2020","Frank Ordoñez","Tyler TX",,"Tyler"
"7081215FO29841.jpg","06/25/2020","06/25/2020","Frank Ordoñez","Tyler TX",,"Tyler"
"7081215FO29841cropPG28.jpg","06/25/2020","06/25/2020","Frank Ordoñez","Tyler TX",,"Tyler"
"7081215FO29995.jpg","06/25/2020","06/25/2020","Frank Ordoñez","Tyler TX",,"Tyler"
"SMIL_102019_local_Rose_Queens_Tea_04.jpg","06/25/2020","06/25/2020","Sarah A. Miller","Tyler TX",,"Tyler"
"SMIL_12142019_local_UT-Tyler_Graduation_01.jpg","06/25/2020","06/25/2020","Sarah A. Miller","Tyler TX",,"Tyler"
"SMIL_20190410_local_Hillside_Park_17.jpg","06/25/2020","06/25/2020","Sarah A. Miller","Tyler TX",,"Tyler"
"36160073_206098966717460_5422255559610990592_n.jpg","06/25/2020","06/25/2020","True Vine Brewing Co.","Tyler TX",,"Tyler"
"82804073_2495365557392940_6268238450474876928_o.jpg","06/25/2020","06/25/2020","East Texas Sip and Shop","Tyler TX",,"Tyler"
"z638021_Go-East-Texas-Billboard-Assets_Image1_020520.jpg","06/25/2020","06/25/2020","Nathan Lambrecht","Tyler TX",,"Tyler"
"58113527_2413727042231036_540953703616610304_n.jpg","06/25/2020","06/25/2020","Courtesy of Cafe 1948","Tyler TX",,"Tyler"
"MHER__A7R9395.jpg","06/25/2020","06/25/2020","Shadai Perez","Tyler TX",,"Tyler"
"70122664_1860099320759991_2520256559838134272_o.jpg","06/25/2020","06/25/2020","Courtesy of Swann's Furniture & Design","Tyler TX",,"Tyler"
"75446641_2410702762358414_534134154544021504_n.jpg","06/25/2020","06/25/2020","Courtesy of The Grove Kitchen + Gardens","Tyler TX",,"Tyler"
"tylerfoodtruck.jpg","06/25/2020","06/25/2020","iStock/bonezboyz","Tyler TX",,
"tylertruckscrop.jpg","06/25/2020","06/25/2020","iStock/bonezboyz","Tyler TX",,
"_DSC9348.jpg","06/26/2020","06/26/2020","Ed Rode","Kingsport TN",,"Kingsport"
"83901SUB142.jpg","06/26/2020","06/26/2020","Courtesy of Tennessee Department of Tourist Development","Kingsport TN",,"Kingsport"
"8390517JWA7476.jpg","06/26/2020","06/26/2020","Jeff Adkins","Kingsport TN",,"Kingsport"
"8390517JWA8318.jpg","06/26/2020","06/26/2020","Jeff Adkins","Kingsport TN",,"Kingsport"
"8390618JWA0377.jpg","06/26/2020","06/26/2020","Jeff Adkins","Kingsport TN",,"Kingsport"
"8390618JWA7738.jpg","06/26/2020","06/26/2020","Jeff Adkins","Kingsport TN",,"Kingsport"
"8390618LHFRE314.jpg","06/26/2020","06/26/2020","Lynne Harty","Kingsport TN",,"Kingsport"
"IMG_2333-sized.jpg","06/26/2020","06/26/2020","First Broad Street United Methodist Church","First Broad Street United Methodist Church in Kingsport, TN",,"Kingsport"
"20190924_134827.jpg","06/26/2020","06/26/2020","Evie Lafollette","Kingsport TN",,"Kingsport"
"8391903015.jpg","06/26/2020","06/26/2020","Eastman","Kingsport TN",,"Kingsport"
"8391903047.jpg","06/26/2020","06/26/2020","Courtesy of Visit Kingsport","Kingsport TN",,"Kingsport"
"David-&-Erika-Garrahan-2.jpg","06/26/2020","06/26/2020","Jack Cody","Kingsport TN",,"Kingsport"
"IMG_20191101_164344.jpg","06/26/2020","06/26/2020","Evie Lafollette","Kingsport TN",,"Kingsport"
"IMG_20191216_210334.jpg","06/26/2020","06/26/2020","Evie Lafollette","Kingsport TN",,"Kingsport"
"IMG-BCBS-KINGSPORT_Photo---5-(2).jpg","06/26/2020","06/26/2020","Visit Kingsport","Kingsport TN",,"Kingsport"
"IMG-BCBS-KINGSPORT_Photo---12-(1).jpg","06/26/2020","06/26/2020","Visit Kingsport","Kingsport TN",,"Kingsport"
"morgan.jpg","06/26/2020","06/26/2020","Larry Souders Photography","Kingsport TN",,"Kingsport"
"Vashisth-family-At-green-belt2.jpg","06/26/2020","06/26/2020","Ketron Chelsea/Visit Kingsport","Kingsport TN",,"Kingsport"
"6330320LHFRE9991.jpg","06/26/2020","06/26/2020","Lynne Harty","Asheville NC",,"Asheville"
"6330713LHFRE1221.jpg","06/26/2020","06/26/2020","Lynne Harty","Asheville NC",,"Asheville"
"Tyler-Texas-Area-Chamber-300px.png","06/26/2020","06/26/2020",,,,
"Picture1.jpg","06/26/2020","06/26/2020",,"Ho-Chunk Gaming Madison",,"Madison"
"Picture2.jpg","06/26/2020","06/26/2020","Ho-Chunk Gaming Madison","Ho-Chunk Gaming Madison is planning a new expansion near Madison, WI",,"Madison"
"6330913BM3926.jpg","06/26/2020","06/26/2020","Brian McCord","Asheville NC",,"Asheville"
"Customer-Service---News-Truck.jpg","06/26/2020","06/26/2020","AvL Technologies","Asheville NC",,"Asheville"
"G82A0763.jpg--Credit-GE-Aviation.jpg","06/26/2020","06/26/2020","GE Aviation","Asheville NC",,"Asheville"
"IMG_7712-2.jpg","06/26/2020","06/26/2020","Hola Community Arts","Asheville NC",,"Asheville"
"rooftopgarden1.jpg","06/26/2020","06/26/2020","Dan Schwalm","Asheville NC",,"Asheville"
"Samsel_ll_People2.jpg","06/26/2020","06/26/2020","David Dietrich","Asheville NC",,"Asheville"
"32024SUB014.jpg","06/26/2020","06/26/2020","Faurecia Interior Systems","Maury Co. TN",,"Columbia"
"32024SUB059.jpg","06/26/2020","06/26/2020","Photo & Styling by Faded Farmhouse","Maury Co. TN",,"Columbia"
"32024SUB067.jpg","06/26/2020","06/26/2020","Daniel Rivera","Maury Co. TN",,"Columbia"
"32024SUB142.jpg","06/26/2020","06/26/2020","Andy Heidt","Maury Co. TN",,"Columbia"
"32024SUB143.jpg","06/26/2020","06/26/2020","Andy Heidt","Maury Co. TN",,"Columbia"
"32024SUB154.jpg","06/26/2020","06/26/2020","Renee Leach","Maury Co. TN",,"Columbia"
"32024SUB157.jpg","06/26/2020","06/26/2020","Nicole Perry","Maury Co. TN",,"Columbia"
"32024SUB159.jpg","06/26/2020","06/26/2020","Stacia Morgan Photography","Maury Co. TN",,"Columbia"
"32024SUB162.jpg","06/26/2020","06/26/2020","VisitColumbiaTN.com","Maury Co. TN",,"Columbia"
"32024SUB198.jpg","06/26/2020","06/26/2020","Columbia State Community College","Maury Co. TN",,"Columbia"
"32024SUB203.jpg","06/26/2020","06/26/2020","Columbia State Community College","Maury Co. TN",,"Columbia"
"1591019NL0267.jpg","06/26/2020","06/26/2020","Nathan Lambrecht","Maury Co. TN",,"Columbia"
"3200220NL0099.jpg","06/26/2020","06/26/2020","Nathan Lambrecht","Maury Co. TN",,"Columbia"
"3200220NL0126.jpg","06/26/2020","06/26/2020","Nathan Lambrecht","Maury Co. TN",,"Columbia"
"3200220NL0150.jpg","06/26/2020","06/26/2020","Nathan Lambrecht","Maury Co. TN",,"Columbia"
"3200220NL0207.jpg","06/26/2020","06/26/2020","Nathan Lambrecht","Maury Co. TN",,"Columbia"
"3200220NL0261.jpg","06/26/2020","06/26/2020","Nathan Lambrecht","Maury Co. TN",,"Columbia"
"3200220NL0284.jpg","06/26/2020","06/26/2020","Nathan Lambrecht","Maury Co. TN",,"Columbia"
"3200220NL0381.jpg","06/26/2020","06/26/2020","Nathan Lambrecht","Maury Co. TN",,"Columbia"
"3200220NL0469.jpg","06/26/2020","06/26/2020","Nathan Lambrecht","Maury Co. TN",,"Columbia"
"3200220NL0475.jpg","06/26/2020","06/26/2020","Nathan Lambrecht","Maury Co. TN",,"Columbia"
"3200220NL0555.jpg","06/26/2020","06/26/2020","Nathan Lambrecht","Maury Co. TN",,"Columbia"
"3200314MDT0313.jpg","06/26/2020","06/26/2020","Michael Tedesco","Maury Co. TN",,"Columbia"
"3200319NBFRE0984.jpg","06/26/2020","06/26/2020","Nick Bumgardner","Maury Co. TN",,"Columbia"
"3200718JWA1006.jpg","06/26/2020","06/26/2020","Jeff Adkins","Maury Co. TN",,"Columbia"
"6541216JWA9135.jpg","06/26/2020","06/26/2020","Jeff Adkins","Maury Co. TN",,"Columbia"
"8361216RJFRE155.jpg","06/26/2020","06/26/2020","Rebecca & Daniel Jacobson","Maury Co. TN",,"Columbia"
"Maury20_v24cover-web.jpg","07/06/2020","07/06/2020",,,,
"KingsportTN20_cover-web.jpg","07/06/2020","07/06/2020",,,,
"RutherfordTN20_cover-web.jpg","07/06/2020","07/06/2020",,,,
"3200313MJC0443_0.jpg","07/06/2020","07/06/2020","Michael Conti","Maury Co. TN",,"Columbia"
"3200319NBFRE0879.jpg","07/06/2020","07/06/2020","Nick Bumgardner","Maury Co. TN",,"Columbia"
"StockHospital.jpg","07/06/2020","07/06/2020","iStock/sturti","Stock",,
"MountPleasantTN.jpg","07/06/2020","07/06/2020","John M. Hatcher / Hatcher images","Mount Pleasant TN",,"Mount Pleasant"
"3200220NL0475_0.jpg","07/06/2020","07/06/2020",,,,
"DJI_0085.jpg","07/06/2020","07/06/2020",,,,
"BrokenArrow2018v5W_0.jpg","07/07/2020","07/07/2020",,,,
"BrokenArrowHero.jpg","07/07/2020","07/07/2020","Shane Bevel","Broken Arrow OK",,"Broken Arrow"
"BrokenArrowOK2.jpg","07/07/2020","07/07/2020","James Pratt","Broken Arrow OK",,"Broken Arrow"
"BrokenArrowOK5.jpg","07/07/2020","07/07/2020","Photo Courtesy of Northeastern State University","Broken Arrow OK",,"Broken Arrow"
"BestJobsPostCovid.jpg","07/07/2020","07/07/2020","iStock","Chattanooga TN",,
"3060514BM1867.jpg","07/07/2020","07/07/2020","Brian McCord","Williamson Co. TN",,"Franklin"
"TyleryTX20_Cover-web.jpg","07/08/2020","07/08/2020",,,,
"MadisonWI20_Cover-web.jpg","07/08/2020","07/08/2020",,,,
"AshevilleNC20_Cover-web.jpg","07/08/2020","07/08/2020",,,,
"37817SUB030.jpg","07/09/2020","07/09/2020","Courtesy of Pinnacle","Washington Co. VA",,"Abingdon"
"37817SUB049.jpg","07/09/2020","07/09/2020","Credit Required Emory & Henry College","Washington Co. VA",,"Abingdon"
"3780218JWA0930.jpg","07/09/2020","07/09/2020","Jeff Adkins","Washington Co. VA",,"Abingdon"
"3780218JWA9797.jpg","07/09/2020","07/09/2020","Jeff Adkins","Washington Co. VA",,"Abingdon"
"3780419NL0340.jpg","07/09/2020","07/09/2020","Nathan Lambrecht","Washington Co. VA",,"Abingdon"
"3780419NL1310.jpg","07/09/2020","07/09/2020","Nathan Lambrecht","Washington Co. VA",,"Abingdon"
"MSArtBox.jpg","07/10/2020","07/10/2020","Courtesy of My Mississippi Art Box/Rick Anderson","Tupelo MS",,
"WICheeseBox2.jpg","07/10/2020","07/10/2020","Courtesy of Fromagination","Wisconsin",,
"AppGoodsBox2.jpg","07/10/2020","07/10/2020","Courtesy of J.Q. Dickinson Salt Works","Charleston WV",,"Charleston"
"OKCBox1.jpg","07/10/2020","07/10/2020","Courtesy of CITYBOX","Oklahoma City OK",,"Oklahoma City"
"OKCBox2.jpg","07/10/2020","07/10/2020","Courtesy of CITYBOX","Oklahoma City OK",,"Oklahoma City"
"HollyHillFL.jpg","07/10/2020","07/10/2020","creative commons/Ebyabe",,,
"OrangeCityFL.jpg","07/10/2020","07/10/2020","Creative Commons/Gabriel Vanslette",,,
"8702001SUB067_0.jpg","07/10/2020","07/10/2020",,,,
"Becky-Harris-Catoctin-Creek.jpg","07/20/2020","07/20/2020","Revel Photo Co.",,,
"Catoctin-Distillery.jpg","07/20/2020","07/20/2020","David Buchanan",,,
"dennings-barrels.jpg","07/20/2020","07/20/2020","Denning's Point Distillery",,,
"Dozen bakery.jpg","07/21/2020","07/21/2020","Dozen Bakery","Dozen Bakery window display",,
"Flagstaff.jpg","07/22/2020","07/22/2020","iStock","Flagstaff",,
"WashingtonVA20_cover-web.jpg","07/22/2020","07/22/2020",,,,
"CastleRockCO20_cover-web.jpg","07/24/2020","07/24/2020",,,,
"AthensALHero.jpg","07/24/2020","07/24/2020","Jeff Adkins","Athens AL",,"Athens"
"AthensLimestoneAL20-21_cover-web.jpg","07/24/2020","07/24/2020",,,,
"Reasons to Move to Pennsylvania.jpg","07/24/2020","07/24/2020","iStock","couple walking in old town philadelphia",,
"MovingtoPennsylvania.jpg","07/24/2020","07/24/2020","iStock",,,
"3780419NL0457.jpg","07/28/2020","07/28/2020","Nathan Lambrecht","Washington Co. VA",,"Abingdon"
"37816SUB028.jpg","07/28/2020","07/28/2020","Courtesy of Emory & Henry College","Washington Co. VA",,"Abingdon"
"37812SUB025.jpg","07/28/2020","07/28/2020","Submitted","Washington Co. VA",,"Glade Spring"
"Most-Diversified-Economies-in-the-US.jpg","07/29/2020","07/29/2020","iStock",,,
"86002SUB001.jpg","07/31/2020","07/31/2020","Courtesy of Sullivan Creek Ranch",,,
"3782020SUB012.jpg","07/31/2020","07/31/2020","Courtesy of United Way","Washington Co. VA",,"Abingdon"
"gladespringvafeat.jpg","07/31/2020","07/31/2020",,,,
"emoryvafeat.jpg","07/31/2020","07/31/2020",,,,
"damascusvafeat_0.jpg","07/31/2020","07/31/2020",,,,
"871201SUB016.jpg","08/02/2020","08/02/2020","Bookout Studios","Athens/Limestone Co. AL",,"Athens"
"871201SUB041.jpg","08/02/2020","08/02/2020","Calhoun Community College","Athens/Limestone Co. AL",,"Athens"
"871201SUB042.jpg","08/02/2020","08/02/2020","Calhoun Community College","Athens/Limestone Co. AL",,"Athens"
"871201SUB055.jpg","08/02/2020","08/02/2020","Alabama Governor's Office/Hal Yeager","Athens/Limestone Co. AL",,"Athens"
"871201SUB063.jpg","08/02/2020","08/02/2020","Alabama Governor's Office/Hal Yeager","Athens/Limestone Co. AL",,"Athens"
"871201SUB071.jpg","08/02/2020","08/02/2020","Mazda Toyota Manufacturing","Athens/Limestone Co. AL",,"Athens"
"871201SUB075.jpg","08/02/2020","08/02/2020","Athens State University","Athens/Limestone Co. AL",,"Athens"
"871201SUB081.jpg","08/02/2020","08/02/2020","Flickr.com/Rocky Baker","Athens/Limestone Co. AL",,"Athens"
"871201SUB095.jpg","08/02/2020","08/02/2020","CR: Athens State University","Athens/Limestone Co. AL",,"Athens"
"871201SUB100.jpg","08/02/2020","08/02/2020","High Cotton Arts","Athens/Limestone Co. AL",,"Athens"
"871201SUB171.jpg","08/02/2020","08/02/2020","Steelcase","Athens/Limestone Co. AL",,"Athens"
"1581012JWA6234.jpg","08/02/2020","08/02/2020","Jeff Adkins","Athens/Limestone Co. AL",,"Athens"
"8710520JWA1932.jpg","08/02/2020","08/02/2020","Jeff Adkins","Athens/Limestone Co. AL",,"Athens"
"GCCXD0.jpg","08/02/2020","08/02/2020","PA Images / Alamy Stock Photo","Athens/Limestone Co. AL",,"Athens"
"Grease-2.jpg","08/02/2020","08/02/2020","Athens Main Street/Tere Richardson","Athens/Limestone Co. AL",,"Athens"
"race_23457_4793_292f6c22-0e2c-47e0-8083-7f03a83c2891.jpg","08/02/2020","08/02/2020","Gregg Gelmis","Athens/Limestone Co. AL",,"Athens"
"ToniaWilliamsonPhotography1.jpg","08/02/2020","08/02/2020","Tonia Williamson Photography","Athens/Limestone Co. AL",,"Athens"
"8732001SUB147.jpg","08/07/2020","08/07/2020","Visit Northern KY","Northern Kentucky",,"Covington"
"Male-Couple-Walking-to-Music-Hall-through-Washington-Park.jpg","08/07/2020","08/07/2020","Louis Rideout","Northern Kentucky",,"Covington"
"8732001SUB029.jpg","08/07/2020","08/07/2020","Northern Kentucky Chamber","Northern Kentucky",,
"8732001SUB030.jpg","08/07/2020","08/07/2020","Northern Kentucky Chamber","Northern Kentucky",,
"8732001SUB031.jpg","08/07/2020","08/07/2020","Northern Kentucky Chamber","Northern Kentucky",,
"NewportKY_0.jpg","08/07/2020","08/07/2020",,,,
"Lisa Clark Mission Health online.jpg","08/09/2020","08/09/2020","Mission Health","Lisa Clark, RN, (right) and Angela Wood, RN, in Asheville, NC, have been making sleeping bags and pillows to distribute to the homeless.",,"Asheville"
"Mission Health_SS_2020-COVER.jpg","08/09/2020","08/09/2020",,,,
"Officer Michael Stainbrook-100x667.jpg","08/09/2020","08/09/2020","City of Athens, AL","Many of Officer Michael Stainbrook’s classroom skills are now used to engage area kids and teens.",,"Athens"
"20190228_134957-100x667.jpg","08/09/2020","08/09/2020","City of Athens, AL","Many of Officer Michael Stainbrook’s classroom skills are now used to engage area kids and teens.",,"Athens"
"CityofAthensSS-Cover.jpg","08/09/2020","08/09/2020",,,,
"Greater-Limestone-County-logo-250px.gif","08/09/2020","08/09/2020",,,,
"primrose-school-castle-rock-1067x667.jpg","08/09/2020","08/09/2020",,,,
"Primrose_EF_Production_100x667.jpg","08/09/2020","08/09/2020",,,,
"69307SUB084.jpg","08/10/2020","08/10/2020","Ken Papaleo","Castle Rock CO",,"Castle Rock"
"6930316JWA0538.jpg","08/10/2020","08/10/2020","Jeff Adkins","Castle Rock CO",,"Castle Rock"
"6930316JWA7057.jpg","08/10/2020","08/10/2020","Jeff Adkins","Castle Rock CO",,"Castle Rock"
"6930319JWA9082.jpg","08/10/2020","08/10/2020","Jeff Adkins","Castle Rock CO",,"Castle Rock"
"6930418JWA3434.jpg","08/10/2020","08/10/2020","Jeff Adkins","Castle Rock CO",,"Castle Rock"
"6930819NL0046.jpg","08/10/2020","08/10/2020","Nathan Lambrecht","Castle Rock CO",,"Castle Rock"
"6930819NL0161.jpg","08/10/2020","08/10/2020","Nathan Lambrecht","Castle Rock CO",,"Castle Rock"
"6930819NL0540addSKY.jpg","08/10/2020","08/10/2020","Nathan Lambrecht","Castle Rock CO",,"Castle Rock"
"adult-indoor-soccer-65.jpg","08/10/2020","08/10/2020","Shreffler Photography","Castle Rock CO",,"Castle Rock"
"28799281921_94c7326518_o.jpg","08/10/2020","08/10/2020","Castle Rock Chamber Of Commerce","Castle Rock CO",,"Castle Rock"
"18623666_1490073194346650_7671057763736252156_o.jpg","08/10/2020","08/10/2020","Terrain Castle Rock","Castle Rock CO",,"Castle Rock"
"37066174561_8f771af2f2_o-(1).jpg","08/10/2020","08/10/2020","Castle Rock Chamber Of Commerce","Castle Rock CO",,"Castle Rock"
"30479785714_cd3ea5601d_o.jpg","08/10/2020","08/10/2020","Castle Rock Chamber Of Commerce","Castle Rock CO",,"Castle Rock"
"80551299_1493526837470792_4319928572182528000_o.jpg","08/10/2020","08/10/2020","Courtesy of TECOBI","Castle Rock CO",,"Castle Rock"
"76962651_1450834841739992_8047993934963539968_o.jpg","08/10/2020","08/10/2020","Courtesy of TECOBI","Castle Rock CO",,"Castle Rock"
"48415356406_ed657123cd_o.jpg","08/10/2020","08/10/2020","Castle Rock Chamber Of Commerce","Castle Rock CO",,"Castle Rock"
"sturm-07.24.19-A-opt1.jpg","08/10/2020","08/10/2020","Nick Lacey","Castle Rock CO",,"Castle Rock"
"LPI-Aquatics-Youth-05_cropped-square.jpg","08/10/2020","08/10/2020","Miller Activity Complex","Castle Rock CO",,"Castle Rock"
"84936833_110432137187371_3360665390605664256_o.jpg","08/10/2020","08/10/2020","Encore","Castle Rock CO",,"Castle Rock"
"Edit-1.jpg","08/10/2020","08/10/2020","White Construction Group","Castle Rock CO",,"Castle Rock"
"ACCaerial3-web.jpg","08/10/2020","08/10/2020","Nick Lacey","Castle Rock CO",,"Castle Rock"
"iStock-1179026119.jpg","08/10/2020","08/10/2020","iStock.com/SDIProductions","Castle Rock CO",,"Castle Rock"
"Stock-InfrastructureIllustration3.jpg","08/10/2020","08/10/2020","iStock/invincible_bulldog","Stock",,
"Stock-TalentGrowthIllustration.jpg","08/10/2020","08/10/2020","iStock/Topp_Yimgrimm","Stock",,
"CR_Chamber_Logo.png","08/10/2020","08/10/2020",,,,
"itallbeginswasongcover.jpg","08/11/2020","08/11/2020",,"Nashville TN",,
"Itallbegins1080x1080.jpg","08/11/2020","08/11/2020",,"Nashville TN",,
"MDT1009191211_0.jpg","08/14/2020","08/14/2020","Michael Dominic Tedesco","Covington KY",,"Covington"
"MDT1009191329_1.jpg","08/14/2020","08/14/2020","Michael Dominic Tedesco","Covington KY",,"Covington"
"MDT1009191331_0.jpg","08/14/2020","08/14/2020","Michael Dominic Tedesco","Covington KY",,"Covington"
"NKYChamber_Primary_Logo-360px.png","08/14/2020","08/14/2020",,,,
"ChambersburgPA.jpg","08/17/2020","08/17/2020","iStock/Pgiam","Chambersburg PA",,"Chambersburg"
"WellsboroPA.jpg","08/17/2020","08/17/2020","iStock/aimintang","Wellsboro PA",,"Wellsboro"
"GettysburgPA_0.jpg","08/17/2020","08/17/2020","iStock/AppalachianViews","Gettysburg PA",,"Gettysburg"
"PhiladelphiaPA.jpg","08/17/2020","08/17/2020","iStock/Pgiam","Philadelphia PA",,"Philadelphia"
"StateCollegePAPennState.jpg","08/17/2020","08/17/2020","iStock/drnadig","State College PA",,"State College"
"005-FoodTruckFriday.jpg","08/31/2020","08/31/2020","Leigh Wolfe Photography","Robins Region GA",,"Warner Robins"
"19-29-067-mural.jpg","08/31/2020","08/31/2020","Dsdugan/https://commons.wikimedia.org","Robins Region GA",,"Warner Robins"
"8750620JWA3621.jpg","08/31/2020","08/31/2020","Jeff Adkins","Robins Region GA",,"Warner Robins"
"8750620JWA3783.jpg","08/31/2020","08/31/2020","Jeff Adkins","Robins Region GA",,"Warner Robins"
"8750620JWA3832.jpg","08/31/2020","08/31/2020","Jeff Adkins","Robins Region GA",,"Warner Robins"
"8750620JWA3882.jpg","08/31/2020","08/31/2020","Jeff Adkins","Robins Region GA",,"Warner Robins"
"8750620JWA3902.jpg","08/31/2020","08/31/2020","Jeff Adkins","Robins Region GA",,"Warner Robins"
"8750620JWA3929.jpg","08/31/2020","08/31/2020","Jeff Adkins","Robins Region GA",,"Warner Robins"
"8750620JWA3955.jpg","08/31/2020","08/31/2020","Jeff Adkins","Robins Region GA",,"Warner Robins"
"8750620JWA3981.jpg","08/31/2020","08/31/2020","Jeff Adkins","Robins Region GA",,"Warner Robins"
"13895161_1729757293932403_8667591203909472397_n.jpg","08/31/2020","08/31/2020","FireStarter FABLab","Robins Region GA",,"Warner Robins"
"16178419_1819234804984651_3088454700008124014_o.jpg","08/31/2020","08/31/2020","FireStarter FABLab","Robins Region GA",,"Warner Robins"
"52344332_2204122209829240_2141074324138754048_n.jpg","08/31/2020","08/31/2020","FireStarter FABLab","Robins Region GA",,"Warner Robins"
"99070531_529987807695899_9128322306060320768_n.jpg","08/31/2020","08/31/2020","Southern Crush Boutique","Robins Region GA",,"Warner Robins"
"99293399_711779399582728_8128242770369314816_n.jpg","08/31/2020","08/31/2020","Southern Crush Boutique","Robins Region GA",,"Warner Robins"
"27054750029_503a1b4e23_o.jpg","08/31/2020","08/31/2020","Robins Regional Chamber","Robins Region GA",,"Warner Robins"
"48624486708_16ce0b472b_o.jpg","08/31/2020","08/31/2020","Robins Regional Chamber","Robins Region GA",,"Warner Robins"
"GWBooks-5254.jpg","08/31/2020","08/31/2020","Gottwalds Books","Robins Region GA",,"Warner Robins"
"HC03272019-983.jpg","08/31/2020","08/31/2020","Maryann Bates","Robins Region GA",,"Warner Robins"
"HC03272019-1198.jpg","08/31/2020","08/31/2020","Maryann Bates","Robins Region GA",,"Warner Robins"
"HC04172019-269.jpg","08/31/2020","08/31/2020","Maryann Bates","Robins Region GA",,"Warner Robins"
"HC04172019-1335.jpg","08/31/2020","08/31/2020","Maryann Bates","Robins Region GA",,"Warner Robins"
"Perry_Fair_53.jpg","08/31/2020","08/31/2020","Ralph Daniel","Robins Region GA",,"Warner Robins"
"IMG_2512.jpg","08/31/2020","08/31/2020","Central Georgia Tech","Robins Region GA",,"Warner Robins"
"IMG_2298.jpg","08/31/2020","08/31/2020","Macon Bacon Baseball","Robins Region GA",,"Warner Robins"
"IMG_20200224_103727.jpg","08/31/2020","08/31/2020","Middle Georgia State University","Robins Region GA",,"Warner Robins"
"IMG_2716.jpg","08/31/2020","08/31/2020","Central Georgia Tech College","Robins Region GA",,"Warner Robins"
"LiepersForkTN.jpg","09/03/2020","09/03/2020","Courtesy of: The Land Trust for Tennessee","Liepers Fork TN",,"Franklin"
"BellBuckleTN.jpg","09/03/2020","09/03/2020","Jeff Adkins","Bell Buckle TN",,"Bell Buckle"
"ColliervilleTN.jpg","09/03/2020","09/03/2020","Jeff Adkins","Collierville TN",,"Collierville"
"DyersburgTN.jpg","09/03/2020","09/03/2020","Courtesy of Dyersburg Chamber","Dyersburg TN",,"Dyersburg"
"PigeonForgeTN2.jpg","09/03/2020","09/03/2020","Nathan Lambrecht","Pigeon Forge TN",,"Pigeon Forge"
"JohnsonCityTN.jpg","09/03/2020","09/03/2020","Jeffrey S. Otto","Johnson City TN",,"Johnson City"
"TNRoadtrip1.jpg","09/03/2020","09/03/2020","Jeff Adkins","Tennessee",,"Tennessee"
"Perry_Fair_49_0.jpg","09/03/2020","09/03/2020",,,,
"WarnerRobinsGAHero.jpg","09/03/2020","09/03/2020","Jeff Adkins","Warner Robins GA",,"Warner Robins"
"005-FoodTruckFriday_0.jpg","09/03/2020","09/03/2020",,,,
"WarnerRobinsGAHero_0.jpg","09/03/2020","09/03/2020",,,,
"RemoteWorkStock1.jpg","09/08/2020","09/08/2020","iStock/PeopleImages","Stock",,
"RemoteWorkStock2.jpg","09/08/2020","09/08/2020","iStock/FreshSplash","Stock",,
