"name","post_modified","post_date","byline","alt_text","description","place_name"
"8640218SWFRE0090.jpg","05/19/2019","05/19/2019","Photo by Steve Woit","Eau Claire WI",,"Eau Claire"
"Stock-VideoGamers.jpg","05/20/2019","05/20/2019","iStock/hobo_018","Stock",,
"1041927SUB037.jpg","05/20/2019","05/20/2019","Photo by Lauren Coakley/Bonnaroo","TN EDG",,"Tennessee"
"1041927SUB023.jpg","05/20/2019","05/20/2019","Photo by Andrew Jorgensen/Bonnaroo","TN EDG",,"Tennessee"
"1041927SUB046.jpg","05/20/2019","05/20/2019","Photo by Andrew Jorgensen/Bonnaroo","TN EDG",,"Tennessee"
"1041927SUB040.jpg","05/20/2019","05/20/2019","Photo by FilmMagic/Bonnaroo","TN EDG",,"Tennessee"
"1041927SUB096.jpg","05/20/2019","05/20/2019","Photo by Excel Boats","TN EDG",,"Tennessee"
"1041927SUB124.jpg","05/20/2019","05/20/2019","Photo Courtesy of City of Maryville","TN EDG",,"Tennessee"
"1041927SUB125.jpg","05/20/2019","05/20/2019","Photo Courtesy of City of Maryville","TN EDG",,"Tennessee"
"1041927SUB139.jpg","05/20/2019","05/20/2019","Photo Courtesy of New Memphis Institute","TN EDG",,"Tennessee"
"1041927SUB144.jpg","05/20/2019","05/20/2019","Photo Courtesy of New Memphis Institute","TN EDG",,"Tennessee"
"1041927SUB146.jpg","05/20/2019","05/20/2019","Photo Courtesy of New Memphis Institute","TN EDG",,"Tennessee"
"1041927SUB341.jpg","05/20/2019","05/20/2019","Photo Courtesy of University of Tennessee","TN EDG",,"Tennessee"
"1041927SUB432.jpg","05/20/2019","05/20/2019","Photo Courtesy of University of Tennessee","TN EDG",,"Tennessee"
"1041927SUB456.jpg","05/20/2019","05/20/2019","Photo by Kellie Crye Ward/CR: University of Tennessee","TN EDG",,"Tennessee"
"1041927SUB478.jpg","05/20/2019","05/20/2019","Photo Courtesy of University of Tennessee","TN EDG",,"Tennessee"
"2010717SJFRE076.jpg","05/20/2019","05/20/2019","Photo by Steve Jones","TN EDG",,"Tennessee"
"TEDG19v27W.jpg","04/10/2020","05/20/2019",,"Tennessee Economic Development magazine",,
"SFCT_SPRING2016-3154.jpg","05/31/2019","05/21/2019","Photo Courtesy of Santa Fe County","Santa Fe NM",,"Santa Fe"
"SFCT_SPRING2016-2183.jpg","05/31/2019","05/21/2019","Photo Courtesy of Santa Fe County","Santa Fe NM",,"Santa Fe"
"NashvilleTN-EastsideMurals1.jpg","05/21/2019","05/21/2019","Photo Courtesy of Eastside Murals","Nashville TN",,"Nashville"
"NashvilleTN-EastsideMurals2.jpg","05/21/2019","05/21/2019","Photo Courtesy of Eastside Murals","Nashville TN",,"Nashville"
"NashvilleTN-EastsideMurals3.jpg","05/21/2019","05/21/2019","Photo Courtesy of Eastside Murals","Nashville TN",,"Nashville"
"NashvilleTN-EastsideMurals4.jpg","05/21/2019","05/21/2019","Photo Courtesy of Eastside Murals","Nashville TN",,"Nashville"
"NashvilleTN-EastsideMurals6.jpg","05/30/2019","05/21/2019","Photo Courtesy of Eastside Murals","Nashville TN",,
"NashvilleTN-EastsideMurals5.jpg","05/21/2019","05/21/2019","Photo Courtesy of Eastside Murals","Nashville TN",,"Nashville"
"NashvilleTN-EastsideMurals7.jpg","05/21/2019","05/21/2019","Photo Courtesy of Eastside Murals","Nashville TN",,"Nashville"
"NashvilleTN-EastsideMurals8.jpg","05/30/2019","05/21/2019","Photo Courtesy of Eastside Murals","Nashville TN",,
"TopekaKS-Capitol.jpg","05/22/2019","05/22/2019","iStock/digidreamgrafix","Topeka KS",,"Topeka"
"BloomingtonIL-DowntownBuildings.jpg","05/28/2019","05/28/2019","iStock/ghornephoto","Bloomington IL",,"Bloomington"
"SpringfieldIL-CapitalBuilding.jpg","05/28/2019","05/28/2019","iStock/pabradyphoto","Springfield IL",,"Springfield"
"SpringfieldIL-Downtown.jpg","05/28/2019","05/28/2019","iStock/DenisTangneyJr","Springfield IL",,"Springfield"
"NapervilleIL-Downtown.jpg","05/28/2019","05/28/2019","iStock/DenisTangneyJr","Naperville IL",,"Naperville"
"CA-BairIsland.jpg","05/29/2019","05/29/2019","Photo by Andrea Laue","California",,"California"
"CA-BayTrailBikers.jpg","05/29/2019","05/29/2019","Photo by Ben Botkin","California",,"California"
"CA-CastleRockStatePark1.jpg","05/29/2019","05/29/2019","Photo Courtesy of California State Parks","California",,"California"
"CA-EdgewoodPark1.jpg","05/29/2019","05/29/2019","Photo Courtesy of Friends of Edgewood/Kathy Korbholz","California",,"California"
"CA-Fioli.jpg","05/29/2019","05/29/2019","Photo by Linda Peters","California",,"California"
"CA-MonteBelloOpenSpacePreserve.jpg","05/29/2019","05/29/2019","Photo by Jayasimha Nuggehalli","California",,"California"
"CA-SanJoseMunicipalRoseGarden.jpg","05/29/2019","05/29/2019","Photo Courtesy of Visit San Jose","California",,"California"
"CA-ShorelineLakeYoga1.jpg","05/29/2019","05/29/2019","Photo Courtesy of Shoreline Lake","California",,"California"
"CA-SierraVistaOpenSpacePreserve1.jpg","05/29/2019","05/29/2019","Photo by Matt Chesebrough","California",,"California"
"CA-SierraVistaOpenSpacePreserve2.jpg","05/29/2019","05/29/2019","Photo by Derek Neumann","California",,"California"
"LouisvilleKY-Houses.jpg","05/30/2019","05/30/2019","iStock/jnatkin","Louisville-KY",,"Louisville"
"ManchesterTN-Bonnaroo.jpg","05/30/2019","05/30/2019","iStock/epicurean","Manchester TN",,"Manchester"
"WinstonSalemNC-DowntownDining4thSt.jpg","05/31/2019","05/31/2019","Photo Courtesy of Visit Winston-Salem","Winston Salem NC",,"Winston-Salem"
"WinstonSalemNC-NighttimeActivityBand.jpg","05/31/2019","05/31/2019","Photo Courtesy of Visit Winston-Salem","Winston Salem NC",,"Winston-Salem"
"WinstonSalemNC-SunsetSkyline.jpg","05/31/2019","05/31/2019","Photo Courtesy of Visit Winston-Salem","Winston Salem NC",,"Winston-Salem"
"CincinnatiOH-FountainSquareNighttime.jpg","05/31/2019","05/31/2019","Photo by David Sorcher","Cincinnati, OH",,"Cincinnati"
"PittsburghPA-SkylineDuringWinter.jpg","05/31/2019","05/31/2019","Photo Courtesy of VisitPITTSBURGH","Pittsburgh PA",,"Pittsburgh"
"4Y2A4442.jpg","06/04/2019","06/04/2019",,"Military veteran Dustin Baker leads cybersecurity threats at Asheville's Mission Health.",,
"Dustin-Baker-Myrtle-Beach-Marathon-2019.jpg","06/04/2019","06/04/2019",,,,
"4Y2A4665.jpg","06/04/2019","06/04/2019",,,,
"ChattanoogaTN-HighFalls.jpg","06/05/2019","06/05/2019","iStock/gnagel","Chattanooga TN",,"Chattanooga"
"ElPasoTX-HuecoTanksStatePark.jpg","06/05/2019","06/05/2019","iStock/milehightraveler","El Paso TX",,"El Paso"
"LasVegas-NevadaRedRocks.jpg","06/05/2019","06/05/2019","iStock/Jennifer_Sharp","Las Vegas NV",,"Las Vegas"
"LasVegasNV-HikingRedRock.jpg","06/05/2019","06/05/2019","iStock/rez-art","Las Vegas NV",,"Las Vegas"
"LexingtonKY-RedRiverGorge.jpg","06/05/2019","06/05/2019","iStock/jctabb","Lexington KY",,"Lexington"
"PalmSpringsCA-Tramway.jpg","06/05/2019","06/05/2019","iStock/robertcicchetti","Yucca Valley CA",,"Yucca Valley"
"TraverseCityMI-StateTheatre1.jpg","06/05/2019","06/05/2019","Photo by Derek Brady","Traverse City MI",,"Traverse City"
"TraverseCityMI-StateTheatre3.jpg","06/07/2019","06/07/2019","Photo Courtesy of Derek Brady","Traverse City MI",,"Traverse City"
"MZMGF.jpg","06/10/2019","06/10/2019",,,,
"AshevilleNC-HighlandBrewingBeers.jpg","06/11/2019","06/11/2019","Photo by Brian McCord","Asheville NC",,"Asheville"
"SeattleWA-FreemontBrewing2.jpg","06/11/2019","06/11/2019","Photo Courtesy of Sparkfly Photography/Freemont Brewing","Seattle WA",,"Seattle"
"PortlandME-AllagashHoppyTable.jpg","06/11/2019","06/11/2019","Portland MECourtesy of Allagash Brewing under a  CC 2.0  license.","Port",,"Portland"
"GrandRapidsMI-VanderMillBeer.jpg","06/11/2019","06/11/2019","Photo by Experience Grand Rapids/Terry Johnston","Grand Rapids MI",,"Grand Rapids"
"DenverCO-SpangalangTaproom.jpg","06/11/2019","06/11/2019","Photo by Jenni Summer Studios/Visit Denver","Denver CO",,"Denver"
"DenverCO-WynkoopTaps.jpg","06/11/2019","06/11/2019","Photo by Evan Semón/Visit Denver","Denver CO",,"Denver"
"IMG_5678.jpg","06/11/2019","06/11/2019",,,,
"MidlandMI-TridgeAtNight.jpg","06/12/2019","06/12/2019","iStock/ShriramPatki","Midland MI",,"Midland"
"DetroitMI-WaterfrontAerial.jpg","06/12/2019","06/12/2019","iStock/pawel.gaul","Detroit MI",,"Detroit"
"DetroitMI-WoodwardAve.jpg","06/12/2019","06/12/2019","iStock/pawel.gaul","Detroit MI",,"Detroit"
"HollandMI-Windmill.jpg","06/12/2019","06/12/2019","iStock/csterken","Holland MI",,"Holland"
"OrlandoFL-Waterfront.jpg","06/12/2019","06/12/2019","iStock/LUNAMARINA","Orlando FL",,"Orlando"
"OrlandoFL-WaterfrontCrop.jpg","06/12/2019","06/12/2019","iStock/LUNAMARINA","Orlando FL",,"Florida"
"KalamazooMI-GreenAreaDowntown.jpg","06/12/2019","06/12/2019","iStock/DenisTangneyJr","Kalamazoo MI",,"Kalamazoo"
"GrandRapidsMI-DowntownFall.jpg","06/12/2019","06/12/2019","Photo Courtesy of Experience Grand Rapids","Grand Rapids MI",,"Grand Rapids"
"MarquetteMI-Lighthouse.jpg","06/12/2019","06/12/2019","iStock/Westhoff","Marquette MI",,"Marquette"
"RochesterHillsMI-AutumnHouse.jpg","06/12/2019","06/12/2019","iStock/RiverNorthPhotography","Rochester Hills MI",,"Rochester Hills"
"TraverseCityMI-VillageGrandTraverse.jpg","06/12/2019","06/12/2019","iStock/RiverNorthPhotography","Traverse City MI",,"Traverse City"
"55618259_10102075735636508_5702160360702738432_o.jpg","06/13/2019","06/13/2019",,,,
"PortlandOR-Cherry.jpg","06/13/2019","06/13/2019","Photo Courtesy of Meghan O'Dea","Portland OR",,"Portland"
"TulsaOK-GatheringPlaceAdventurePlayground1.jpg","06/14/2019","06/14/2019","Photo by Shane Bevel","Tulsa OK",,"Tulsa"
"TulsaOK-GatheringPlaceAdventurePlayground2.jpg","06/14/2019","06/14/2019","Photo by Shane Bevel","Tulsa OK",,"Tulsa"
"TulsaOK-GatheringPlaceAerial.jpg","06/14/2019","06/14/2019","Photo by Shane Bevel","Tulsa OK",,"Tulsa"
"TulsaOK-GatheringPlaceFamily.jpg","06/14/2019","06/14/2019","Photo by Shane Bevel","Tulsa OK",,"Tulsa"
"TulsaOK-GatheringPlaceKayak.jpg","06/14/2019","06/14/2019","Photo by Shane Bevel","Tulsa OK",,"Tulsa"
"TulsaOK-GatheringPlaceKids.jpg","06/14/2019","06/14/2019","Photo by Shane Bevel","Tulsa OK",,"Tulsa"
"TulsaOK-GatheringPlaceSandbox.jpg","06/14/2019","06/14/2019","Photo by Shane Bevel","Tulsa OK",,"Tulsa"
"TulsaOK-GatheringPlaceSkatePark.jpg","06/14/2019","06/14/2019","Photo by Shane Bevel","Tulsa OK",,"Tulsa"
"PSX_20190401_105903.jpg","06/14/2019","06/14/2019","Photo Courtesy of Meghan O'Dea","Portland OR",,
"SpencerIN-HistoricTivoliTheatre.jpg","06/17/2019","06/17/2019","Facebook/Historic Tivoli Theater","Spencer IN",,"Spencer"
"RoslynWA-RoslynTheatre.jpg","06/17/2019","06/17/2019","Courtesy of Cole Quinn under a  CC 2.0  license.","Roslyn WA",,"Roslyn"
"AnacondaMT-WashoeTheater.jpg","06/17/2019","06/17/2019","Courtesy of Mark Holloway under a  CC 2.0  license.","Anaconda MT",,"Anaconda-Deer Lodge County"
"BlountvilleTN-DriveIn.jpg","06/17/2019","06/17/2019","Photo Courtesy of Twin-City Drive-In Theatre","Blountville TN",,"Blountville"
"IowaStateFair.jpg","06/17/2019","06/17/2019","Photo Courtesy of Iowa State Fair","Iowa",,"Iowa"
"TexasStateFair.jpg","06/17/2019","06/17/2019","iStock/Pureradiancephoto","Texas",,"Texas"
"MinnesotaStateFair.jpg","06/17/2019","06/17/2019","Photo Courtesy of Minnesota State Fair","Minnesota",,"Minnesota"
"NewYorkStateFair.jpg","06/17/2019","06/17/2019","Photo Courtesy of New York State Fair","New York",,"New York"
"WIsconsinStateFair.jpg","06/17/2019","06/17/2019","Photo Courtesy of Wisconsin State Fair","Wisconsin",,"Wisconsin"
"TCMI-StateTheater.jpg","06/17/2019","06/17/2019","Photo Courtesy of Derek Brady","Traverse City MI",,"Traverse City"
"ArizonaStateFair.jpg","06/17/2019","06/17/2019","Photo Courtesy of Arizona State Fair/Facebook","Arizona",,"Arizona"
"AlaskaStateFair.jpg","06/17/2019","06/17/2019","Courtesy of  Luke Jones under a  CC 2.0  license.","Alaska",,"Alaska"
"OhioStateFair.jpg","06/17/2019","06/17/2019","Photo Courtesy of Ohio State Fair","Ohio",,"Ohio"
"CaliforniaStateFair.jpg","06/17/2019","06/17/2019","Photo Courtesy of California State Fair","California",,"California"
"KentuckyStateFair.jpg","06/17/2019","06/17/2019","Photo Courtesy of Kentucky State Fair","Kentucky",,"Kentucky"
"Stock-FerrisWheel.jpg","06/17/2019","06/17/2019","iStock/shcherbak volodymyr","Stock",,
,"06/18/2019","06/18/2019","Nick Bumgardner","Columbia, TN",,"Columbia"
"32022SUB135.jpg","06/18/2019","06/18/2019","The Mockingbird Restaurant","Spring Hill, TN",,"Spring Hill"
"3200418NBFRE0260_0.jpg","06/18/2019","06/18/2019","Nick Bumgardner","Columbia, TN",,"Columbia"
"32023SUB057.jpg","06/18/2019","06/18/2019","John M. Hatcher/Hatcher images","Mount Pleasant, TN",,"Mount Pleasant"
"HollywoodFL3.jpg","06/18/2019","06/18/2019","Photo Courtesy of Jackie Gutierrez-Jones","Hollywood FL",,"Hollywood"
"HollywoodFL5.jpg","06/18/2019","06/18/2019","Photo Courtesy of Jackie Gutierrez-Jones","Hollywood FL",,"Hollywood"
"HollywoodFL6.jpg","06/18/2019","06/18/2019","Photo Courtesy of Jackie Gutierrez-Jones","Hollywood FL",,"Hollywood"
"HollywoodFL-AerialShot.jpg","06/18/2019","06/18/2019","iStock/FotoMak","Hollywood FL",,"Hollywood"
"HollywoodFL-BoardWalk.jpg","06/18/2019","06/18/2019","iStock/typhoonski","Hollywood FL",,"Hollywood"
"HollywoodFL-LifeguardStand.jpg","06/18/2019","06/18/2019","iStock/typhoonski","Hollywood FL",,"Hollywood"
"3200319NBFRE0987 (2).jpg","06/18/2019","06/18/2019","Nick Bumgardner","Columbia, TN Live Music",,"Columbia"
"3200319NBFRE0216.jpg","06/18/2019","06/18/2019","Nick Bumgardner","Columbia, TN Art Murals",,"Columbia"
"32023SUB009.jpg","06/18/2019","06/18/2019","John M. Hatcher/Hatcher images","Mount Pleasant, TN Festivals",,"Mount Pleasant"
"FerrisWheel.jpg","06/19/2019","06/19/2019","iStock/imnoom","Stock",,
"sara2.jpg","06/20/2019","06/20/2019",,,,
"missionhealth_COVER.jpg","06/20/2019","06/20/2019",,,,
"mission-logo.png","06/20/2019","06/20/2019",,,,
"crystal1.jpg","06/20/2019","06/20/2019",,,,
"ColumbiaMO-DowntownAerial_0.jpg","06/21/2019","06/21/2019","Courtesy of WikiMedia Commons under a  CC 2.0  license.","Columbia MO",,"Columbia"
"HiloHIRetailDistrict.jpg","06/21/2019","06/21/2019","iStock/YinYang","Hilo HI",,"Hilo"
"HiloHIFarmersMarket1.jpg","06/21/2019","06/21/2019","iStock/Sakkawokkie","Hilo HI",,"Hilo"
"HiloHIFarmersMarket2.jpg","06/21/2019","06/21/2019","iStock/nameinfame","Hilo HI",,"Hilo"
"7540817JWA9238 (1).jpg","06/24/2019","06/24/2019","Jeff Adkins","Rock Springs, WY: Green River",,"Rock Springs"
"7541911SUB056.jpg","06/24/2019","06/24/2019","Arnold Brokling","Sweetwater County Ski Resorts",,"Rock Springs"
"HiloHI-Food1.jpg","06/24/2019","06/24/2019","Photo Courtesy of Moon & Turtle","Hilo HI",,"Hilo"
"HiloHI-Food3.jpg","06/24/2019","06/24/2019","Photo Courtesy of Moon & Turtle","Hilo HI",,"Hilo"
"7541911SUB032.jpg","06/24/2019","06/24/2019","Saratoga Hot Springs Resort","Sweetwater County, WY Resorts",,"Rock Springs"
"7541911SUB076.jpg","06/24/2019","06/24/2019","Arnold Brokling","Sweetwater County, WY Wildlife",,"Rock Springs"
"LucasKS-GardenofEden.jpg","06/24/2019","06/24/2019","Courtesy of IveGoneAway under a  CC 2.0  license.","Lucas KS",,"Lucas"
"7540912BM5825.jpg","06/24/2019","06/24/2019","Brian McCord","Rock Springs, WY Restaurants",,"Rock Springs"
"7541118JWA2842 (1).jpg","06/24/2019","06/24/2019","Jeff Adkins","Rock Springs, WY Restaurants",,"Rock Springs"
"75409SUB013.jpg","06/24/2019","06/24/2019","Elliott Bernhagen","Rock Springs, WY: Pitchfork Fondue",,
"StPetersburgFLBeach.jpg","06/24/2019","06/24/2019","iStock/felixmizioznikov","St. Petersburg FL",,"St. Petersburg"
"PortStLucieFL.jpg","06/24/2019","06/24/2019","iStock/felixmizioznikov","Port St. Lucie FL",,"Port St. Lucie"
"TheVillagesFL.jpg","06/24/2019","06/24/2019","iStock/summersetretrievers","The Villages FL",,"The Villages"
"AustinTXDowntown.jpg","06/26/2019","06/26/2019","iStock/RoschetzkyIstockPhoto","Austin TX",,"Austin"
"DentonTXCourthouse.jpg","06/26/2019","06/26/2019","iStock/dhughes9","Denton TX",,"Denton"
"HoustonTXSkyline.jpg","06/26/2019","06/26/2019","iStock/Sean Pavone","Houston TX",,"Houston"
"PlanoTXDowntown.jpg","06/26/2019","06/26/2019","iStock/aimintang","Plano TX",,"Plano"
"DallasTexasDowntown.jpg","06/26/2019","06/26/2019","iStock/f11photo","Dallas TX",,"Dallas"
"LubbockTXDowntown.jpg","06/26/2019","06/26/2019","iStock/DenisTangneyJr","Lubbock TX",,"Lubbock"
"GarlandTXFirewheelTownCenter.jpg","06/26/2019","06/26/2019","Courtesy of Rcolborn at English Wikipedia under a  CC 2.0  license.","Garland TX",,"Garland"
"7540912BM6220.jpg","06/26/2019","06/26/2019","Brian McCord","Rock Springs, WY: Downtown",,"Rock Springs"
"7540912BM7181.jpg","06/26/2019","06/26/2019","Brian McCord","Rock Springs, WY: Downtown Restaurants",,"Rock Springs"
"7541118JWA2959.jpg","06/26/2019","06/26/2019","Jeff Adkins","Rock Springs, WY: Sidekicks Bookbar",,"Rock Springs"
"NACC_FullColor_T-01.png","06/28/2019","06/28/2019",,,,
"ColoradoSpringsCO-OlympicTrainingCenter.jpg","06/28/2019","06/28/2019","iStock/leezsnow","Colorado Springs CO",,"Colorado Springs"
,"06/28/2019","06/28/2019","High Five for Love Photography","Maury County, TN Bakeries",,"Columbia"
"3200319NBFRE1716.jpg","06/28/2019","06/28/2019","Nick Bumgardner","Columbia, TN Startups",,"Columbia"
"ColoradoSpringsCO-Downtown.jpg","06/28/2019","06/28/2019","Photo Courtesy of VisitCOS.com","Colorado Springs CO",,"Colorado Springs"
"32023SUB033.jpg","06/28/2019","06/28/2019","High Five for Love Photography","Columbia, TN: Bakeries",,"Columbia"
"32023SUB034 (1)_0.jpg","06/28/2019","06/28/2019","High Five for Love Photography","Maury County, TN Bakeries",,"Columbia"
"32023SUB085.jpg","06/28/2019","06/28/2019","Kat Morris","Maury County, TN Live Shows",,"Columbia"
"32023SUB090.jpg","06/28/2019","06/28/2019","Katie Warren","Spring Hill, TN Bakeries",,"Spring Hill"
"Tulsa lgbtq (2).jpg","07/05/2019","07/05/2019","Photo courtesy of Oklahomans for Equality",,,"Tulsa"
"Maury19_v23W.jpg","04/10/2020","07/05/2019",,"Maury County, TN Digital Magazine",,"Columbia"
"Rutherford19v33_W.jpg","04/10/2020","07/05/2019",,"Rutherford County, TN Digital Magazine",,"Murfreesboro"
"WCWI19v1W.jpg","04/10/2020","07/05/2019",,"West Central Wisconsin Digital Magazine",,"Eau Claire"
"MomentumWest_Logo.jpg","07/05/2019","07/05/2019",,,,
"TulsaOK-Downtown.jpg","07/05/2019","07/05/2019","Courtesy of  STAN ACUFF  under a  CC 2.0  license.","Tulsa OK",,"Tulsa"
"unnamed.jpg","07/08/2019","07/08/2019",,,,
"SeattleWA-RainbowRoad.jpg","07/08/2019","07/08/2019","iStock/SEASTOCK","Seattle WA",,"Seattle"
"BAEDGv3_HR.jpg","07/08/2019","07/08/2019",,,,
"BAEDGv3_W.jpg","07/08/2019","07/08/2019",,,,
"BAEDGv3_W_0.jpg","07/08/2019","07/08/2019",,,,
"BAEDGv3_W2.png","07/08/2019","07/08/2019",,,,
"BAEDGv3_W3.png","07/08/2019","07/08/2019",,,,
"BAEDGv3_W5.jpg","07/08/2019","07/08/2019",,,,
"BAEDGv3_PQ.jpg","07/08/2019","07/08/2019",,,,
"BAEDGv3_W5.jpg","07/08/2019","07/08/2019",,,,
"32022SUB075.jpg","07/08/2019","07/08/2019","Landmark Ceramics","Maury County, TN Office Parks",,"Columbia"
"32020SUB022.jpg","07/08/2019","07/08/2019","General Motors","Maury County, TN Manufacturing",,"Columbia"
"CrestedButteCOBikes.jpg","07/09/2019","07/09/2019","Tom Stillo/CBMR","Crested Butte CO",,"Crested Butte"
"CrestedButteCODowntownMorning.jpg","07/09/2019","07/09/2019","Dave Kozlowski/CBMR","Crested Butte CO",,"Crested Butte"
"CrestedButteCOTrees.jpg","07/09/2019","07/09/2019","Dave Kozlowski/CBMR","Crested Butte CO",,"Crested Butte"
"CrestedButteCOWildFlowers.jpg","07/09/2019","07/09/2019","Kurt Schmidt/CBMR","Crested Butte CO",,"Crested Butte"
"CrestedButteCOMountainBike.jpg","07/09/2019","07/09/2019","Photo by Janae Pritchett","Crested Butte CO",,"Crested Butte"
"CrestedButteCOSkiing.jpg","07/09/2019","07/09/2019","Photo by Janae Pritchett","Crested Butte CO",,"Crested Butte"
"SavannahGABonaventureCemetery.jpg","07/10/2019","07/10/2019","iStock/Marje","Savannah GA",,"Savannah"
"CharlestonSCCemetery.jpg","07/10/2019","07/10/2019","iStock/Castort","Charleston SC",,"Charleston"
"strangerthingslogo.jpg","07/10/2019","07/10/2019","Courtesy of Lowtrucks under a  CC 2.0  license.","Stranger Things",,
"OakRidgeTNORNL.jpg","07/10/2019","07/10/2019","Photo by U.S. Department of Energy; Oak Ridge National Laboratory","Oak Ridge TN",,"Oak Ridge"
"4Y2A3993.jpg","07/10/2019","07/10/2019","Photo by Jeff Adkins","Asheville NC",,"Asheville"
"4Y2A4104.jpg","07/10/2019","07/10/2019","Photo by Jeff Adkins","Asheville NC",,"Asheville"
"4Y2A4942.jpg","07/10/2019","07/10/2019","Photo by Jeff Adkins","Asheville NC",,"Asheville"
"4Y2A5468.jpg","07/10/2019","07/10/2019","Photo by Jeff Adkins","Asheville NC",,"Asheville"
"4Y2A5886.jpg","07/10/2019","07/10/2019","Photo by Jeff Adkins","Asheville NC",,"Asheville"
"4Y2A6371.jpg","07/10/2019","07/10/2019","Photo by Jeff Adkins","Asheville NC",,"Asheville"
"4Y2A6661.jpg","07/10/2019","07/10/2019","Photo by Jeff Adkins","Asheville NC",,"Asheville"
"4Y2A7577.jpg","07/10/2019","07/10/2019","Photo by Jeff Adkins","Asheville NC",,"Asheville"
"63317SUB_011.jpg","07/10/2019","07/10/2019","Photo by Pat Barcas","Asheville NC",,"Asheville"
"1250614BM9035.jpg","07/11/2019","07/11/2019","Brian McCord","Asheville, NC Neighborhoods",,"Asheville"
"1250510BM2759.jpg","07/11/2019","07/11/2019","Brian McCord","Asheville, NC: Biltmore Village",,"Asheville"
"1250513BM2364 (1).jpg","07/12/2019","07/12/2019","Brian McCord","Asheville, NC Community",,"Asheville"
"6330319JWA7211.jpg","07/12/2019","07/12/2019","Jeff Adkins","Asheville, NC Neighborhoods",,"Asheville"
"63317SUB_032_0.jpg","07/12/2019","07/12/2019","Pat Barcas","Asheville, NC Community Festivals",,"Asheville"
"CharlotteNCSugarCreekBrewing.jpg","07/12/2019","07/12/2019","Photo Courtesy of VisitNC.com","Charlotte NC",,"Charlotte"
"HighPointNCBrownTruckBrewing.jpg","07/12/2019","07/12/2019","Photo Courtesy of VisitNC.com","High Point NC",,"High Point"
"Asheville19v17W.jpg","04/09/2020","07/12/2019",,"Asheville, NC Digital Magazine",,"Asheville"
"StockLabrynth.jpg","07/16/2019","07/16/2019","iStock/artJazz","Stock",,
"OakRidgeBrandStory.jpg","07/17/2019","07/17/2019","iStock","Oak Ridge TN",,"Oak Ridge"
"OrudLogo.jpg","07/17/2019","07/17/2019","Photo Courtesy of ORUD Natural Gas","Oak Ridge TN",,"Oak Ridge"
"65714SUB047.jpg","07/17/2019","07/17/2019","Raycom Media","Prattville, AL: Robert Trent Jones Golf Trail",,"Prattville"
"65712SUB002.jpg","07/17/2019","07/17/2019","Courtesy of Fat Boy BBQ","Prattville, AL Restaurants",,"Prattville"
"65714SUB047.jpg","07/18/2019","07/18/2019","Raycom Media","Prattville, AL: Robert Trent Jones Golf Trail",,"Prattville"
"6571113WJO0336.jpg","07/18/2019","07/18/2019","Wendy Jo O'Barr","Prattville, AL Shopping",,"Prattville"
"65719SUB0013.jpg","07/18/2019","07/18/2019","Kellie Cook","Prattville, AL Fishing",,"Prattville"
"70814SUB_002.jpg","07/18/2019","07/18/2019","Photo by Samuel Richmann","Tyler TX",,"Tyler"
"70814SUB_115-copy.jpg","07/18/2019","07/18/2019","Patrick Tewey/Red Dirt BBQ & Music Festival","Tyler TX",,"Tyler"
"70814SUB_214.jpg","07/18/2019","07/18/2019","Patrick Tewey/Red Dirt BBQ & Music Festival","Tyler TX",,"Tyler"
"7011013FO1151.jpg","07/18/2019","07/18/2019","Photo by Jeffrey S. Otto","Tyler TX",,"Tyler"
"7080217JWA1640.jpg","07/18/2019","07/18/2019","Photo by Jeff Adkins","Tyler TX",,"Tyler"
"7080319NL0020.jpg","07/18/2019","07/18/2019","Nathan Lambrecht","Tyler TX",,"Tyler"
"7080319NL0068.jpg","07/18/2019","07/18/2019","Nathan Lambrecht","Tyler TX",,"Tyler"
"7080319NL0756.jpg","07/18/2019","07/18/2019","Nathan Lambrecht","Tyler TX",,"Tyler"
"7080319NL0962.jpg","07/18/2019","07/18/2019","Nathan Lambrecht","Tyler TX",,"Tyler"
"7080319NL1601.jpg","07/18/2019","07/18/2019","Nathan Lambrecht","Tyler TX",,"Tyler"
"7080319NL1711.jpg","07/18/2019","07/18/2019","Nathan Lambrecht","Tyler TX",,"Tyler"
"7080319NL1769.jpg","07/18/2019","07/18/2019","Nathan Lambrecht","Tyler TX",,"Tyler"
"7080319NL1890.jpg","07/18/2019","07/18/2019","Nathan Lambrecht","Tyler TX",,"Tyler"
"7080319NL2052.jpg","07/18/2019","07/18/2019","Nathan Lambrecht","Tyler TX",,"Tyler"
"7081013FO0448.jpg","07/18/2019","07/18/2019","Jeffrey S. Otto","Tyler TX",,"Tyler"
"708032416FO36599.jpg","07/18/2019","07/18/2019","Frank Ordonez","Tyler TX",,"Tyler"
"iStock-903358008.jpg","07/18/2019","07/18/2019","iStock/Julia_Sudnitskaya","Tyler TX",,"Tyler"
"iStock-905963196.jpg","07/18/2019","07/18/2019","iStock/Karimpard","Tyler TX",,"Tyler"
"iStock-1053417720.jpg","07/18/2019","07/18/2019","iStock/FatCamera","Tyler TX",,"Tyler"
"_FW_1327-(1).jpg","07/18/2019","07/18/2019","Camera Club of Oak Ridge","Oak Ridge TN",,"Oak Ridge"
"83313SUB021.jpg","07/19/2019","07/19/2019","Courtesy of ORAU","Oak Ridge TN",,"Oak Ridge"
"83313SUB023.jpg","07/19/2019","07/19/2019","Carlos Jones for ORNL CMMS","Oak Ridge TN",,"Oak Ridge"
"83313SUB037.jpg","07/19/2019","07/19/2019","Carlos Jones for ORNL CMMS","Oak Park IL",,"Oak Ridge"
"83313SUB044.jpg","07/19/2019","07/19/2019","Clint James/United Way of Anderson County","Oak Ridge TN",,"Oak Ridge"
"83313SUB064.jpg","07/19/2019","07/19/2019","Courtesy of Explore Oak Ridge","Oak Ridge TN",,"Oak Ridge"
"83313SUB069.jpg","07/19/2019","07/19/2019","Sean Leader","Oak Ridge TN",,"Oak Ridge"
"83313SUB070.jpg","07/19/2019","07/19/2019","Bryan Allen","Oak Ridge TN",,"Oak Ridge"
"83313SUB074.jpg","07/19/2019","07/19/2019","Courtesy of Explore Oak Ridge","Oak Ridge TN",,"Oak Ridge"
"8330319NL0191.jpg","07/19/2019","07/19/2019","Nathan Lambrecht","Oak Ridge TN",,"Oak Ridge"
"8330319NL0249.jpg","07/19/2019","07/19/2019","Nathan Lambrecht","Oak Ridge TN",,"Oak Ridge"
"8330319NL1223.jpg","07/19/2019","07/19/2019","Nathan Lambrecht","Oak Ridge TN",,"Oak Ridge"
"8330319NL1411.jpg","07/19/2019","07/19/2019","Nathan Lambrecht","Oak Ridge TN",,"Oak Ridge"
"8330319NL1498.jpg","07/19/2019","07/19/2019","Nathan Lambrecht","Oak Ridge TN",,"Oak Ridge"
"8330419NL0108.jpg","07/19/2019","07/19/2019","Nathan Lambrecht","Oak Ridge TN",,"Oak Ridge"
"6570319AMFREE088 (1).jpg","07/19/2019","07/19/2019","Art Meripol","Prattville, AL: Downtown",,"Prattville"
"65714SUB065.jpg","07/19/2019","07/19/2019","City of Prattville","Prattville, AL Downtown Parades",,"Prattville"
"6570319AMFREE534-Pano.jpg","07/19/2019","07/19/2019","Art Meripol","Prattville, AL Mill",,"Prattville"
"IndianapolisINCanalWalk.jpg","07/22/2019","07/22/2019","iStock/Davel5957","Indianapolis IN",,"Indianapolis"
"KansasCityMOFountains.jpg","07/22/2019","07/22/2019","David Arbogast/Visit KC","Kansas City MO",,"Kansas City"
"DurhamNCLocopops.jpg","07/22/2019","07/22/2019","Locopops/Facebook","Durham NC",,"Durham"
"SedonaAZSlideRockStatePark.jpg","07/22/2019","07/22/2019","iStock/powerofforever","Sedona AZ",,"Sedona"
"GalvestonTXSchlitterbahn.jpg","07/22/2019","07/22/2019","Galveston CVB","Galveston TX",,"Galveston"
"StockKidsInSummer.jpg","07/22/2019","07/22/2019","iStock/RyanJLane","Stock",,
"IndianapolisINMononTrail2_0.jpg","07/22/2019","07/22/2019","Cliff Ritchey/Visit Indy","Indianapolis IN",,"Indianapolis"
"IndianapolisIN-CityMarket.jpg","07/22/2019","07/22/2019","Visit Indy","Indianapolis IN",,"Indianapolis"
"IndianapolisINFabCrewMural.jpg","07/22/2019","07/22/2019","Visit Indy","Indianapolis IN",,"Indianapolis"
"IndianapolisINFletcherPlace.jpg","07/22/2019","07/22/2019","Visit Indy","Indianapolis IN",,"Indianapolis"
"IndianapolisINPeytonManningStatue.jpg","07/22/2019","07/22/2019","Matt Carlson/Visit Indy","Indianapolis IN",,"Indianapolis"
"StockWisconsinCheeseCurds.jpg","07/22/2019","07/22/2019","iStock/bhofack2","Stock",,
"WestAllisWIWestAllisCheeseShoppe.jpg","07/22/2019","07/22/2019","Courtesy of  West Allis Cheese & Sausage  under a  CC 2.0  license.","West Allis WI",,"West Allis"
"StockWisconsinCheese.jpg","07/22/2019","07/22/2019","iStock/semakokal","Stock",,
"StockCheeseCurds.jpg","07/22/2019","07/22/2019","iStock/Alexandralaw1977","Stock",,
"StockCheeseBoard.jpg","07/22/2019","07/22/2019","iStock/karandaev","Stock",,
"WilliamsburgVAWaterCountryUSA1.jpg","07/22/2019","07/22/2019","Scott K. Brown Water Country USA® / ©2014 SeaWorld Parks & Entertainment, Inc. All Rights Reserved.","Williamsburg VA",,"Williamsburg"
"OakRidge19v13W.jpg","04/10/2020","07/22/2019",,"Livability Oak Ridge, TN magazine",,
"TNAG19v9W.jpg","07/23/2019","07/23/2019",,,,
"CincinnatiOHGraetersCones.jpg","07/23/2019","07/23/2019","Facebook/Graeter's Ice Cream","Cincinnati, OH",,"Cincinnati"
"tulsaremotesource.jpg","07/23/2019","07/23/2019","Obum Ukabam with his wife, Faith Walker","Tulsa OK",,
"TulsaOKDowntownBuildings.jpg","07/23/2019","07/23/2019","iStock/Johnny Warrior","Tulsa OK",,"Tulsa"
"TulsaOKDowntownTwilight.jpg","07/23/2019","07/23/2019","iStock/Sean Pavone","Tulsa OK",,"Tulsa"
"asheville_0.jpg","07/23/2019","07/23/2019",,,,
"franklin.jpg","07/23/2019","07/23/2019",,,,
"iowa city featured.jpg","07/23/2019","07/23/2019",,,,
"tylertx.jpg","07/23/2019","07/23/2019",,,,
"65719SUB0011.jpg","07/23/2019","07/23/2019","Teresa Calhoun","Prattville, AL Schools",,"Prattville"
"65719SUB0008.jpg","07/23/2019","07/23/2019","Teresa Calhoun","Prattville, AL: Education Projects",,"Prattville"
"8650219JWA1282.jpg","07/23/2019","07/23/2019","Jeff Adkins","Muskegon MI",,"Muskegon"
"8651901SUB121.jpg","07/23/2019","07/23/2019","Watch Muskegon","Muskegon MI",,"Muskegon"
"8651901SUB280.jpg","07/23/2019","07/23/2019","T. Reilly","Muskegon MI",,"Muskegon"
"8651901SUB362.jpg","07/23/2019","07/23/2019","Therine Stout Arts","Muskegon MI",,"Muskegon"
"Untitled.jpg","07/23/2019","07/23/2019",,,,
"Stock-Roses.jpg","07/24/2019","07/24/2019",,,,
"ITTX19v14W.jpg","04/10/2020","07/24/2019",,"Livability Tyler, TX magazine",,
"unnamed_0.jpg","07/24/2019","07/24/2019",,,,
"3160818NBFRE172_0.jpg","07/25/2019","07/25/2019","Nick Bumgardner","Jackson, TN Businesses","Christal King of Indigo Scents Candle Co. at The Local in Jackson, TN.","Jackson"
"MadisonWIFormagination.jpg","07/25/2019","07/25/2019","TravelWisconsin.com","Madison WI",,"Madison"
"StoweVTZiplining.jpg","07/29/2019","07/29/2019","Photo Courtesy of ZipRider","Stowe VT",,"Stowe"
"MITahquamenonFalls.jpg","07/29/2019","07/29/2019","iStock/DougLemke","Michigan",,"Michigan"
"SunValleyIDSawtoothMtns.jpg","07/29/2019","07/29/2019","iStock/christiannafzger","Sun Valley ID",,"Sun Valley"
"JacksonHoleWYWelcomeSign.jpg","07/29/2019","07/29/2019","iStock/TenleyThompson","Jackson Hole WY",,"Jackson"
"JacksonHoleWYWildflowers.jpg","07/29/2019","07/29/2019","iStock/Ron and Patty Thomas","Jackson Hole WY",,"Jackson"
"ParkCityUTDeerValleyConcert.jpg","07/29/2019","07/29/2019","Deer Valley Resort","Park City UT",,"Park City"
"69310SUB002.jpg","07/29/2019","07/29/2019","CO Confluence Communities LLC","Castle Rock CO",,"Castle Rock"
"69310SUB004.jpg","07/29/2019","07/29/2019","Courtesy of Town of Castle Rock","Castle Rock CO",,"Castle Rock"
"69310SUB020.jpg","07/29/2019","07/29/2019","Downtown Castle Rock","Castle Rock CO",,"Castle Rock"
"69310SUB027.jpg","07/29/2019","07/29/2019","Crystal Valley, New Home Development; LiveCrystalValley.com","Castle Rock CO",,"Castle Rock"
"69310SUB034.jpg","07/29/2019","07/29/2019","Crystal Valley, New Home Development; LiveCrystalValley.com","Castle Rock CO",,"Castle Rock"
"69310SUB038.jpg","07/29/2019","07/29/2019","Crystal Valley, New Home Development; LiveCrystalValley.com","Castle Rock CO",,"Castle Rock"
"6930319JWA0505.jpg","07/29/2019","07/29/2019","Jeff Adkins","Castle Rock CO",,"Castle Rock"
"6930319JWA1257.jpg","07/29/2019","07/29/2019","Jeff Adkins","Castle Rock CO",,"Castle Rock"
"6930319JWA1883.jpg","07/29/2019","07/29/2019","Jeff Adkins","Castle Rock CO",,"Castle Rock"
"6930319JWA2098.jpg","07/29/2019","07/29/2019","Jeff Adkins","Castle Rock CO",,"Castle Rock"
"6930319JWA2299.jpg","07/29/2019","07/29/2019","Jeff Adkins","Castle Rock CO",,"Castle Rock"
"6930319JWA9226.jpg","07/29/2019","07/29/2019","Jeff Adkins","Castle Rock CO",,"Castle Rock"
"iStock-840009296.jpg","07/29/2019","07/29/2019","iStock/hedgehog94","Castle Rock CO",,"Castle Rock"
"3430519NL1290.jpg","07/30/2019","07/30/2019","Nathan Lambrecht","Elizabeth City NC",,"Elizabeth City"
"StockPizza.jpg","07/30/2019","07/30/2019","iStock/grafvision","Stock",,
"SacramentoCA.jpg","07/30/2019","07/30/2019","iStock/Manny Chavez","Sacramento CA",,"Sacramento"
"CastleRockCO2019W.jpg","04/09/2020","07/31/2019",,"Livability Castle Rock, CO Magazine",,
"IMG_4010_1_2_3_5(1).jpg","08/01/2019","08/01/2019",,"Rowlett, TX Housing Finance Corp",,"Rowlett"
"ElizabethCity19v18W.jpg","08/01/2019","08/01/2019",,,,
"IMG_4010_1_2_3_5(1)_test.jpg","08/01/2019","08/01/2019","Courtesy of Rowlett Housing Finance Corporation","Rowlett, TX Housing Finance Corp",,"Rowlett"
"Pocono19v5W.jpg","08/01/2019","08/01/2019",,"Pocono Mountains Digital Magazine",,"Stroudsburg borough"
"Rowlett19v2W.jpg","04/10/2020","08/01/2019",,"Rowlett, TX Digital Magazine",,"Rowlett"
"82603SUB067.jpg","08/05/2019","08/05/2019","Simboli Photography","Stroudsburg, PA Shopping",,"Stroudsburg borough"
"8264SUB029.jpg","08/05/2019","08/05/2019","Courtesy of the Himalayan Institute Retreat Center","Honesdale, PA: Pocono Mountains",,"Honesdale borough"
"MobileALGulfQuest.jpg","08/05/2019","08/05/2019","Photo Courtesy of GulfQuest National Maritime Museum","Mobile AL",,"Mobile"
"Family_Fun_Sunset_Lake_Wallenpaupack_24_PoconoMtns_4454f70d-a6c0-4ce6-bea4-1317e960de59.jpg","08/05/2019","08/05/2019","Christopher Elston","Hawley, PA: Pocono Mountains",,"Hawley borough"
"Skiing_Family_Camelback_Mountain_4_PoconoMtns_a5ee667c-519a-4848-a24a-89aef23bbae6 (1).jpg","08/05/2019","08/05/2019","Courtesy of Pocono Mountains Visitors Bureau","Stroudsburg, PA Outdoor Recreation",,"Stroudsburg borough"
"MobileALGulfQuest2.jpg","08/06/2019","08/06/2019","Photo Courtesy of GulfQuest National Maritime Museum","Mobile AL",,"Mobile"
"Prattville19v16W.jpg","04/10/2020","08/06/2019",,"Prattville, AL Digital Magazine",,"Prattville"
"3780419NL1035.jpg","08/06/2019","08/06/2019","Nathan Lambrecht","Abingdon VA",,"Abingdon"
"3781919SUB012.jpg","08/06/2019","08/06/2019","Ryan Pavone/Abingdon Vineyards","Abingdon VA",,"Abingdon"
"3781919SUB034.jpg","08/06/2019","08/06/2019","Ryan Pavone/Abingdon Vineyards","Abingdon VA",,"Abingdon"
"3781919SUB051.jpg","08/06/2019","08/06/2019","Papa Toms Cantina","Abingdon VA",,"Abingdon"
"3781919SUB052.jpg","08/06/2019","08/06/2019","Papa Toms Cantina","Abingdon VA",,"Abingdon"
"3781919SUB076.jpg","08/06/2019","08/06/2019","Jason Barnette","Abingdon VA",,"Abingdon"
"3781919SUB118.jpg","08/06/2019","08/06/2019","Jason Barnette","Abingdon VA",,"Abingdon"
"3781919SUB143.jpg","08/06/2019","08/06/2019","Photo by White Birch Juice","Abingdon VA",,"Abingdon"
"WashingtonCo19v19W.jpg","07/15/2020","08/06/2019",,"Washington County (Abingdon), VA Magazine",,
"Fishing-Couple-Pocono-Palace-Resort-5-PoconoMtns_c233d5cc-f0ae-5102-065bad682518f2e6.jpg","08/06/2019","08/06/2019","Courtesy of Pocono Mountains Visitors Bureau","Stroudsburg, PA Outdoor Recreation",,"Stroudsburg borough"
"p_170329_kalahari_3750_0.jpg","08/06/2019","08/06/2019","Matt Kosterman","Stroudsburg, PA Outdoor Recreation",,"Stroudsburg borough"
"LTDEcotourism.jpg","08/06/2019","08/06/2019","Photo Courtesy of Kristen Gough","Living the Dream",,
"LTDEcotourism2.jpg","08/06/2019","08/06/2019","Photo Courtesy of Alex Friedrich","Living the Dream",,
"LTDEcotourism4.jpg","08/06/2019","08/06/2019","Photo Courtesy of Alex Friedrich","Living the Dream",,
"ToledoDayton.jpg","08/07/2019","08/07/2019",,,,
"iStock-172255213.jpg","08/08/2019","08/08/2019","Linda Mirro","Stroudsburg, PA: Pocono Mountains",,"Stroudsburg borough"
"82603SUB201.jpg","08/08/2019","08/08/2019","Media Productions-St. Luke's University Health Network","Stroudsburg, PA Health Care",,"Stroudsburg borough"
"8264SUB002.jpg","08/08/2019","08/08/2019","Christopher Elston","Stroudsburg, PA: Outdoor Recreation",,"Stroudsburg borough"
"8260318MSFREE069.jpg","08/08/2019","08/08/2019","Matt Smith","Stroudsburg, PA Entrepreneurs",,"Stroudsburg borough"
"8260515MDT3025.jpg","08/08/2019","08/08/2019","Michael D. Tedesco","Stroudsburg, PA Entrepreneurship",,"Stroudsburg borough"
"82603SUB137.jpg","08/08/2019","08/08/2019","Courtesy of East Stroudsburg University","Stroudsburg, PA Universities",,"Stroudsburg borough"
"82603SUB135.jpg","08/08/2019","08/08/2019","Courtesy of East Stroudsburg University","Stroudsburg, PA Universities",,"Stroudsburg borough"
"42531588_2452705811414130_502306870627663872_n.jpg","08/08/2019","08/08/2019","Lehigh Carbon Community College","Stroudsburg, PA Schools",,"Stroudsburg borough"
"42531588_2452705811414130_502306870627663872_n_0.jpg","08/08/2019","08/08/2019","Lehigh Carbon Community College","Stroudsburg, PA Schools",,"Stroudsburg borough"
"42531588_2452705811414130_502306870627663872_n_1.jpg","08/08/2019","08/08/2019","Lehigh Carbon Community College","Stroudsburg, PA Schools",,"Stroudsburg borough"
"stockwoman.jpg","08/09/2019","08/09/2019","iStock/Orbon Alija","Stock",,
"FortSmithARFortSmithLake.jpg","08/12/2019","08/12/2019","iStock/Holly Devine","Fort Smith AR",,"Fort Smith"
"JacksonvilleFLBridge.jpg","08/12/2019","08/12/2019","iStock/Sean Pavone","Jacksonville FL",,"Jacksonville"
"SalinasCAWaterfront.jpg","08/12/2019","08/12/2019","iStock/irina88w","Salinas CA",,"Salinas"
"LakeHavasuCityAZWaterfront.jpg","08/12/2019","08/12/2019","iStock/jmoor17","Lake Havasu City AZ",,"Lake Havasu City"
"StockVanLife.jpg","08/12/2019","08/12/2019","iStock/pixdeluxe","Stock",,
"85502KIL151.jpg","08/16/2019","08/16/2019","Charlee Tabor","Rowlett, TX: Downtown",,"Rowlett"
"85502SUB066.jpg","08/16/2019","08/16/2019","Courtesy of Dr. Gene Burton College & Career Academy (Rockwall ISD)","Rowlett, TX Education",,"Rowlett"
"8551SUB197.jpg","08/16/2019","08/16/2019","Courtesy of Garland ISD's Gilbreath-Reed Career and Technical Center","Rowlett, TX Education",,"Rowlett"
"CedarRapidsIANighttime.gif","08/19/2019","08/19/2019","iStock/DenisTangneyJr","Cedar Rapids IA",,"Cedar Rapids"
"EastonPAPinchotStateForest.gif","08/19/2019","08/19/2019","Courtesy of Nicholas A. Tonelli under a  CC 2.0  license.","Easton PA",,"Easton"
"StockCarByOcean.gif","08/19/2019","08/19/2019","iStock/gradyreese","Stock",,
"TucsonAZSonoranDesert.gif","08/19/2019","08/19/2019","iStock/Nate Hovee","Tucson AZ",,"Tucson"
"IdahoSnakeRiverCanyon.gif","08/19/2019","08/19/2019","iStock/captainsecret","Idaho",,"Idaho"
"EastonPAAerial.jpg","08/20/2019","08/20/2019","Photo Courtesy of Discover Lehigh Valley","Easton PA",,"Easton"
"3430419NL0012.jpg","08/20/2019","08/20/2019","Nathan Lambrecht","Elizabeth City, NC: Pasquotank River",,"Elizabeth City"
"3431918SUB021.jpg","08/20/2019","08/20/2019","Bat Aero/The Vireo Group","Elizabeth City, NC: Southgate Park",,"Elizabeth City"
"34317SUB025.jpg","08/20/2019","08/20/2019","Courtesy of Dismal Swamp State Park","Elizabeth City, NC: Parks",,"Elizabeth City"
"3430519NL2112.jpg","08/20/2019","08/20/2019","Nathan Lambrecht","Elizabeth City, NC Art Walk",,"Elizabeth City"
"3430519NL1197.jpg","08/20/2019","08/20/2019","Nathan Lambrecht","Elizabeth City, NC Museums",,"Elizabeth City"
"3430519NL1561.jpg","08/20/2019","08/20/2019","Nathan Lambrecht","Elizabeth City, NC Arts",,"Elizabeth City"
"Liza Franco- Potato Festival High Resolution.jpg","08/20/2019","08/20/2019","Courtesy of Liza Franco - Potato Festival","Elizabeth City, NC Festivals",,"Elizabeth City"
"DallasTXSixthFloorMuseum.gif","08/21/2019","08/21/2019","iStock/typhoonski","Dallas TX",,"Dallas"
"BoiseIDJailCellStock.gif","08/21/2019","08/21/2019","iStock/MivPiv","Boise ID",,"Boise"
"DallesORWascoCoCourthouse2.gif","08/21/2019","08/21/2019","iStock/Rex_Wholster","The Dalles OR",,"Wasco County"
"ChicagoILEngelwoodPO.jpg","08/21/2019","08/21/2019","Courtesy of Marlin Keesler under a  CC 2.0  license.","Chicago IL",,"Chicago"
"VermontLongTrail.jpg","08/21/2019","08/21/2019","Courtesy of Famartin under a  CC 2.0  license.","Vermont",,"Vermont"
"longtrailnorth-vt","08/31/2019","08/21/2019","Courtesy of Famartin under a  CC 2.0  license.","Vermont",,"Vermont"
"Kingsport2019v3W.jpg","11/13/2019","08/23/2019",,"Kingsport, TN Digital Magazine",,"Kingsport"
"8551SUB179.jpg","08/23/2019","08/23/2019","Courtesy of Garland ISD's Gilbreath-Reed Career and Technical Center","Rowlett, TX Schools",,"Rowlett"
"BoiseIDInterstate.jpg","08/31/2019","08/23/2019","iStock/Joecho-16","Boise ID",,"Boise"
"BoiseIDDowntownDining.jpg","08/31/2019","08/23/2019","iStock/benedek","Boise ID",,"Boise"
"OmahaNEBlackstoneDistrict.jpg","08/31/2019","08/26/2019","Photo Courtesy of Winona Dimeo-Ediger","Omaha NE",,"Omaha"
"OmahaNEHotelDecoInterior.jpg","08/31/2019","08/26/2019","Photo Courtesy of Winona Dimeo-Ediger","Omaha NE",,"Omaha"
"OmahaNEOrpheumTheater.jpg","08/26/2019","08/26/2019","Photo Courtesy of Winona Dimeo-Ediger","Omaha NE",,"Omaha"
"OmahaNEStirnella.jpg","08/31/2019","08/26/2019","Photo Courtesy of Winona Dimeo-Ediger","Omaha NE",,"Omaha"
"OmahaNEOrpheum1.jpg","08/31/2019","08/26/2019","Photo Courtesy of Visit Omaha","Omaha NE",,"Omaha"
"OmahaNEOrpheum2.jpg","08/31/2019","08/26/2019","Photo Courtesy of Visit Omaha","Omaha NE",,"Omaha"
"8390618LHFRE679.jpg","08/31/2019","08/28/2019","Lynne Harty","Kingsport, TN Events",,"Kingsport"
"8390618LHFRE159.jpg","08/31/2019","08/28/2019","Lynne Harty","Kingsport, TN Parks",,"Kingsport"
"8390618LHFRE269.jpg","08/31/2019","08/28/2019","Lynne Harty","Kingsport, TN Businesses",,"Kingsport"
"StockFarmTable.jpg","08/31/2019","08/28/2019","iStock/tommaso79","Stock",,
"MDT0508191954.jpg","08/31/2019","08/28/2019","Michael Dominic Tedesco","Kingsport, TN Downtown Restaurants",,"Kingsport"
"8390618LHFRE096.jpg","08/31/2019","08/28/2019","Lynne Harty","Kingsport, TN Breweries",,"Kingsport"
"funfest3.jpg","08/31/2019","08/28/2019","Courtesy of the Kingsport CVB","Kingsport, TN Festivals",,"Kingsport"
"MDT0510193339_0.jpg","08/31/2019","08/28/2019","Michael D. Tedesco","Kingsport, TN Parks",,"Kingsport"
"DesMoinesIAFoodie.jpg","08/31/2019","08/29/2019","Facebook/Harbinger Des Moines","Des Moines IA",,"Des Moines"
"151SALSUB005_1.jpg","09/01/2019","09/01/2019","Steve Greenwood",,,
"Cooperstown_0115_0106-crop_0.jpg","09/01/2019","09/01/2019","Courtesy of Mitch Wojnarowicz.",,,
"StockRooftopDrinks.jpg","09/10/2019","09/10/2019","iStock","Stock",,
"LexingtonKYChurch_0.jpg","09/12/2019","09/12/2019","iStock/Jacqueline Nix","Lexington KY",,"Lexington"
"LexingtonKYMainStreet.jpg","09/12/2019","09/12/2019","iStock/csfotoimages","Lexington KY",,"Lexington"
"LexingtonKYSquare.jpg","09/12/2019","09/12/2019","iStock/Joel Carillet","Lexington KY",,"Lexington"
"WilliamsonCo2020v33W.jpg","04/16/2020","09/13/2019",,"Franklin, TN Digital Magazine",,"Franklin"
"Nashville-Zoo-Andean-Bear.jpg","09/13/2019","09/13/2019","Amiee Stubbs","Nashville TN",,"Nashville"
"Nashville-Zoo-tiger.jpg","09/13/2019","09/13/2019","Amiee Stubbs","Nashville, TN",,"Nashville"
"BA_SynDaver_54.jpg","09/13/2019","09/13/2019","Brentwood Academy","Brentwood, TN",,
"BA_SynDaver_29.jpg","09/13/2019","09/13/2019","Brentwood Academy","Brentwood, TN",,
"iStock-874793538.jpg","09/13/2019","09/13/2019","istockphoto/monkeybusinessimages","Franklin, TN",,
"Turnberry-Homes-Stonecrest-2.jpg","09/13/2019","09/13/2019","Turnberry Homes","Brentwood, TN",,
"3060719NL0189.jpg","09/16/2019","09/16/2019","Nathan Lambrecht","Franklin, TN: Downtown",,"Franklin"
"StockCAVineyard.jpg","09/16/2019","09/16/2019","iStock/ah_fotobox","Stock",,"California"
"3060417JWA4184.jpg","09/16/2019","09/16/2019","Jeff Adkins","Brentwood, TN Restaurants",,"Brentwood"
"3060518JWA1247.jpg","09/16/2019","09/16/2019","Jeff Adkins","Nolensville, TN Breweries",,"Nolensville"
"OakParkILPorchesPorchfest.jpg","09/16/2019","09/16/2019","Photo Courtesy of Matt Carmichael","Oak Park IL",,"Oak Park"
"32022SUB123_0.jpg","09/16/2019","09/16/2019","Pulte Group","Spring Hill, TN Homes",,"Spring Hill"
"_MG_6453.jpg","09/16/2019","09/16/2019","Photo Courtesy of Matt Carmichael","Oak Park IL",,
"CullmanALOla1.jpg","09/16/2019","09/16/2019","Photo Courtesy of Werner’s Trading Company","Cullman AL",,"Cullman"
"CullmanALOla2.jpg","09/16/2019","09/16/2019","Photo Courtesy of Werner’s Trading Company","Cullman AL",,"Cullman"
"CullmanALOla3.jpg","09/16/2019","09/16/2019","Photo Courtesy of Werner’s Trading Company","Cullman AL",,"Cullman"
"3060510jso0032 (1).jpg","09/16/2019","09/16/2019","Jeffrey S. Otto","Fairview, TN Parks",,"Fairview"
"CullmanALOla4.jpg","09/16/2019","09/16/2019","Photo Courtesy of Werner’s Trading Company","Cullman AL",,"Cullman"
"761A2996 (1).jpg","09/16/2019","09/16/2019","Brian McCord","Franklin, TN Real Estate",,"Franklin"
"OakParkILPorchfest1.jpg","09/17/2019","09/17/2019","Photo Courtesy of Matt Carmichael","Oak Park IL",,"Oak Park"
"OakParkILPorchfest2.jpg","09/17/2019","09/17/2019","Photo Courtesy of Matt Carmichael","Oak Park IL",,"Oak Park"
"OakParkILPorchfest3.jpg","09/17/2019","09/17/2019","Photo Courtesy of Matt Carmichael","Oak Park IL",,"Oak Park"
"3060518JWA9432 (2).jpg","09/18/2019","09/18/2019","Jeff Adkins","Franklin, TN: Franklin Park",,"Franklin"
"30619sub0013.jpg","09/19/2019","09/19/2019","Boyle Development","Franklin, TN Housing Developments",,"Franklin"
"3060417JWA0863.jpg","09/19/2019","09/19/2019","Jeff Adkins","Franklin, TN: Berry Farms",,"Franklin"
"3060619JWA7095 (1).jpg","09/19/2019","09/19/2019","Jeff Adkins","Franklin, TN Coffee Shops",,"Franklin"
"3060518JWA7963.jpg","09/19/2019","09/19/2019","Jeff Adkins","Franklin, TN Restaurants",,"Franklin"
"3060417JWA3698.jpg","09/19/2019","09/19/2019","Jeff Adkins","Franklin, TN: King's Bowl",,"Franklin"
"3060619JWA7095 (1).jpg","09/19/2019","09/19/2019","Jeff Adkins","Franklin, TN Coffee Shops",,"Franklin"
"3060417JWA3610 (2).jpg","09/19/2019","09/19/2019","Jeff Adkins","Franklin, TN: King's Bowl",,"Franklin"
"CullmanALOakWork.jpg","09/20/2019","09/20/2019","Instagram/saaa1969","Cullman AL",,"Cullman"
"LexingtonKYPeddlersMall2.jpg","09/20/2019","09/20/2019","Instagram/PeddlersMallStores","Lexington KY",,"Lexington"
"BethlehemPAAntiques.jpg","09/20/2019","09/20/2019","Facebook/Easton Antique Co-Op","Bethlehem PA",,"Bethlehem"
"DaytonaBeachFLAntiques1.jpg","09/20/2019","09/20/2019","Facebook/Our Old Stuff Antiques","Daytona Beach FL",,"Daytona Beach"
"ScottsdaleAZAntiques1.jpg","09/20/2019","09/20/2019","Instagram/VintageJoesAmericana","Scottsdale AZ",,"Scottsdale"
"LawrenceKSAntiqueStore.jpg","09/20/2019","09/20/2019","Facebook/Social Service League of Lawrence, KS","Lawrence KS",,"Lawrence"
"IndianaAntiques.jpg","09/20/2019","09/20/2019","Facebook/The Antique Lodge","Indiana",,"Indiana"
"EurekaSpringsARAntiques1.jpg","09/20/2019","09/20/2019","Facebook/Castle Antiques At Inspiration Point","Eureka Springs AR",,"Eureka Springs"
"MicanopyFLWintersPastSign.jpg","09/20/2019","09/20/2019","Instagram/winterspastvintage","Micanopy FL",,"Micanopy"
"DesMoinesIAAntiques1.jpg","09/20/2019","09/20/2019","Instagram/dsmbaam","Des Moines IA",,"Des Moines"
"3060415BM9681.jpg","09/23/2019","09/23/2019","Brian McCord","Franklin, TN Parks",,"Franklin"
"32023SUB068_1.jpg","09/23/2019","09/23/2019","City of Spring Hill","Spring Hill, TN Parks",,"Spring Hill"
"3060413JSO4409.jpg","09/23/2019","09/23/2019","Jeffrey S. Otto","Brentwood, TN Parks",,"Brentwood"
"3060619JWA5884.jpg","09/23/2019","09/23/2019","Jeff Adkins","Franklin, TN Fitness Centers",,"Franklin"
"MiamiFLDowntownAerial.jpg","09/23/2019","09/23/2019","iStock/Art Wager","Miami FL",,"Miami"
"3060510jso0075.jpg","09/23/2019","09/23/2019","Jeffrey S. Otto","Fairview, TN: Bowie Nature Park",,"Fairview"
"DavieFLCampus.jpg","09/23/2019","09/23/2019","iStock/Holly Guerrio","Davie FL",,"Davie"
"DelrayBeachFl.jpg","09/23/2019","09/23/2019","iStock/LUNAMARINA","Delray Beach FL",,"Delray Beach"
"HallandaleBeachFL.jpg","09/23/2019","09/23/2019","iStock/typhoonski","Hallandale Beach FL",,"Hallandale Beach"
"NorthMiamiBeachFl.jpg","09/23/2019","09/23/2019","iStock/CHUYN","North Miami Beach FL",,"North Miami Beach"
"Tim Carty Polo 2 SM.jpg","09/23/2019","09/23/2019",,,,
"18.09.14_Livability_Cullman0003.jpg","09/24/2019","09/24/2019","Photo by Art Meripol","Cullman AL",,"Cullman"
"IowaCityBreakfast2.jpg","09/24/2019","09/24/2019","Photo Courtesy of Tim Carty","Iowa City IA",,"Iowa City"
"IowaCityBreakfast3.jpg","09/24/2019","09/24/2019","Photo Courtesy of Tim Carty","Iowa City IA",,"Iowa City"
"IowaCityBreakfast5.jpg","09/24/2019","09/24/2019","Photo Courtesy of Tim Carty","Iowa City IA",,"Iowa City"
"IowaCityBreakfast6.jpg","09/24/2019","09/24/2019","Photo Courtesy of Tim Carty","Iowa City IA",,"Iowa City"
"IowaCityBreakfast9.jpg","09/24/2019","09/24/2019","Photo Courtesy of Tim Carty","Iowa City IA",,"Iowa City"
"IowaCityBreakfast10.jpg","09/24/2019","09/24/2019","Photo Courtesy of Tim Carty","Iowa City IA",,"Iowa City"
"3060415BM9652 (1).jpg","09/25/2019","09/25/2019","Brian McCord","Franklin, TN: Nutro Dog Park",,"Franklin"
"3060510jso0383.jpg","09/25/2019","09/25/2019","Jeffrey S. Otto","Franklin, TN: Maggie's Bark Park",,"Franklin"
"3060417JWA7949_0.jpg","09/26/2019","09/26/2019","Courtesy of High Hopes Development Center","Franklin, TN Community",,"Franklin"
"30632SUB074 (1).jpg","09/26/2019","09/26/2019","Courtesy of Brightstone","Franklin, TN: Brightstone",,"Franklin"
"3060417JWA5691.jpg","09/26/2019","09/26/2019","Jeff Adkins","Franklin, TN: Waves Services",,"Franklin"
"7310619ERFREE053.jpg","09/30/2019","09/30/2019","Eric Reed","Victorville, CA Educational Programs",,"Victorville"
"7310619ERFREE061.jpg","09/30/2019","09/30/2019","Eric Reed","Victorville, CA Schools",,"Victorville"
"7310619ERFREE073.jpg","09/30/2019","09/30/2019","Eric Reed","Victorville, CA: Lewis Center",,"Victorville"
"7310619ERFREE091.jpg","09/30/2019","09/30/2019","Eric Reed","Victorville, CA: Lewis Center",,"Victorville"
"VictorValley19v11LR.jpg","09/30/2019","09/30/2019",,"Victor Valley, CA Digital Magazine",,"Victorville"
"VictorValley19v11W.jpg","04/10/2020","09/30/2019",,"Victor Valley, CA Digital Magazine",,"Victorville"
"moving to a new city.jpg","10/01/2019","10/01/2019","istockphoto.com",,,
"73110SUB_0220.jpg","10/01/2019","10/01/2019","Courtesy of General Atomics","Victorville, CA: General Atomics",,"Victorville"
"00100lPORTRAIT_00100_BURST20190504203520844_COVER.jpg","10/02/2019","10/02/2019",,,,
"MaconGAMusic3FirstFriday.jpg","10/02/2019","10/02/2019","Photo Courtesy of New Town Macon","Macon GA",,"Macon"
"MaconGAMusic4MusicPlaque.jpg","10/02/2019","10/02/2019","Photo Courtesy of Rachelle Wilson","Macon GA",,"Macon"
"MaconGAMusic5StreetPerformers.jpg","10/02/2019","10/02/2019","Photo Courtesy of New Town Macon","Macon GA",,"Macon"
"MaconGAMusic9Tour.jpg","10/02/2019","10/02/2019","Rock Candy Tours","Macon GA",,"Macon"
"MaconGAMusic8GrantsLounge.jpg","10/02/2019","10/02/2019","Photo Courtesy of Dsto Moore","Macon GA",,"Macon"
"73110SUB__0161 (2).jpg","10/02/2019","10/02/2019","Courtesy of General Atomics","Victorville, CA: General Atomics",,"Victorville"
"iStock-924149536-1.jpg","10/03/2019","10/03/2019","istock.com/andresr","Victorville, CA Breweries",,"Victorville"
"LegacyWest-1000px.jpg","10/04/2019","10/03/2019","Palladium USA","Palladium USA International, Inc.",,
"Glenn Heights Aerial Shot 04 16 2019 1000px.jpg","10/03/2019","10/03/2019","Palladium USA","Glenn Heights, Texas",,"DeSoto"
"iStock-924149536-1.jpg","10/03/2019","10/03/2019","istock.com/ANDRESR","Victorville, CA Breweries",,"Victorville"
"SWDallas19v6W.jpg","10/03/2019","10/03/2019",,"Southwest Dallas Digital Magazine",,"Cedar Hill"
"Palladium-Logo.png","10/04/2019","10/03/2019",,"Palladium USA International",,
"ChattanoogaEDG19v4W.jpg","04/09/2020","10/03/2019",,"Greater Chattanooga, TN Economic Development Magazine",,
"palladiumCOVER.jpg","10/03/2019","10/03/2019",,"Palladium USA - Southwest Dallas County, Texas",,
"30619sub0016.jpg","10/03/2019","10/03/2019","Courtesy of Atema Partners","Franklin, TN Tech Companies",,"Franklin"
"3060417JWA1226.jpg","10/03/2019","10/03/2019","Jeff Adkins","Franklin, TN: Digital Reasoning",,"Franklin"
"30619sub0015.jpg","10/03/2019","10/03/2019","Courtesy of Atema Partners","Franklin, TN Tech Companies",,"Franklin"
"SacramentoCA-CapitolDaytime.jpg","10/04/2019","10/04/2019","Cara Sanders","Sacramento CA",,"Sacramento"
"SacramentoCAFarmToForkFest1.jpg","10/04/2019","10/04/2019","Cara Sanders","Sacramento CA",,"Sacramento"
"SacramentoCAOldTown1.jpg","10/04/2019","10/04/2019","Cara Sanders","Sacramento CA",,"Sacramento"
"SacramentoCATowerBridgeDinner2.jpg","10/04/2019","10/04/2019","Cara Sanders","Sacramento CA",,"Sacramento"
"SacramentoCATowerBridgeNIGHT.jpg","10/04/2019","10/04/2019","Cara Sanders","Sacramento CA",,"Sacramento"
"PalmdaleFLGatorama.jpg","10/04/2019","10/04/2019","Courtesy of snowmanradio under a  CC 2.0  license.","Palmdale FL",,
