"name","post_modified","post_date","byline","alt_text","description","place_name"
"82203SUB065.jpg","05/04/2017","05/04/2017","Courtesy of SMSC Wozupi Tribal Garden","Shakopee, MN: SMSC Wozupi Tribal Garden","Shakopee, MN is home to the&nbsp;SMSC Wozupi Tribal Garden which features several plants and gardens.&nbsp;","Shakopee"
"Naperville IL.jpg","05/05/2017","05/05/2017","Courtesy of Mary Warren under a  CC 4.0  license.",,,
"Memphis-TN-Jeremy-Sorrells.jpg","05/05/2017","05/05/2017","Courtesy of Jeremy Sorrells under a CC 4.0 license.","Memphis TN",,
"West_Hartford_CT.jpg","06/14/2017","05/05/2017","Courtesy of Patrick under a  CC 2.0  license.","West Hartford CT",,
"iStock_000030341424_XXXLarge.jpg","05/05/2017","05/05/2017",,,,
"8341016JWA4224.jpg","07/30/2017","05/05/2017","Jeff Adkins",,,
"1250615BM6743.jpg","05/05/2017","05/05/2017","Staff Photo","Downtown Asheville, NC","People dining at Carmel's Bistro &nbsp;located at the Grove Arcade in downtown Asheville.",
"8040113JWA8508.jpg","07/30/2017","05/05/2017","Jeff Adkins",,,
"6930117VSGFRE007.jpg","05/05/2017","05/05/2017","Versatility Creative Group","Castle Rock, CO Sports and Recreation","Castle Rock, CO offers a variety of sports and recreation options at the Miller Activity Complex.&nbsp;","Castle Rock"
"6930117VSGFRE110.jpg","05/05/2017","05/05/2017","Versatility Creative Group","Castle Rock, CO Brewing Companies","Castle Rock, CO is home to a variety of brewing companies, including&nbsp;Rockyard American Grill &amp; Brewing Company.","Castle Rock"
"8100715MDT0033.jpg","07/30/2017","05/05/2017","Michael D. Tedesco",,,
"8160214JWA4831.jpg","07/30/2017","05/05/2017","Jeff Adkins",,,
"69308SUB054.jpg","05/09/2017","05/05/2017","Courtesy of the Town of Castle Rock","Castle Rock, CO: Festival Park","Castle Rock, CO has a variety of new developments, including Festival Park.&nbsp;","Castle Rock"
"Sapporo-Japanese-Steakhouse.jpg","05/05/2017","05/05/2017","Staff Photo",,,
"69308SUB060.jpg","05/05/2017","05/05/2017","Courtesy of Castle Rock Museum","Castle Rock, CO Museum","Castle Rock, CO is known for its impressive arts and culture, including its museums.&nbsp;","Castle Rock"
"6930316JWA7180.jpg","05/05/2017","05/05/2017","Jeff Adkins","Castle Rock, CO Schools","Castle Rock, CO has several schools that offer great educational programs, including&nbsp;Sage Canyon Elementary School.&nbsp;","Castle Rock"
"1771114DM5767.jpg","05/05/2017","05/05/2017","Staff Photo",,,
"idaho.jpg","05/05/2017","05/05/2017","Staff Photo","Move to Idaho",,
"jacksonville-nc-shopping.jpg","05/05/2017","05/05/2017","courtesy of Mike Kalasnik under a  CC 4.0  license.",,,
"schools.jpg","05/05/2017","05/05/2017",,,,
"golf.jpg","05/05/2017","05/05/2017",,,,
"angry-ginger.jpg","05/05/2017","05/05/2017","Courtesy of The Angry Ginger Irish Pub",,,
"business.jpg","05/05/2017","05/05/2017",,,,
"recreation.jpg","05/05/2017","05/05/2017",,,,
"828061715FO15706.jpg","08/02/2017","05/05/2017","Frank Ordoñez","Idaho Falls ID","Eastern Idaho Regional Medical Center in Idaho Falls, ID",
"83801SUB056.jpg","05/08/2017","05/08/2017","Spencer Pernikoff","Chesterfield, MO Restaurants","Chesterfield, MO has a variety of restaurants that are local dining favorites, including Annie Gunn's.","Chesterfield"
"8380117JNFRE115.jpg","05/08/2017","05/08/2017","Jerry Naunheim Jr.","Chesterfield, MO Employers","Chesterfield, MO has several top employers, including the Spirit of St. Louis Airport.","Chesterfield"
"asheville-nc-food.jpg","05/09/2017","05/09/2017","Staff Photo","Asheville NC Restaurants",,
"8290616SWFRE164.jpg","05/09/2017","05/09/2017","Staff Photo","Minneapolis, MN","U.S. Stadium in Minnesota.",
"uncle-micks-cajun-market-prattville-al.jpg","05/09/2017","05/09/2017","Staff Photo","Prattville AL Uncle Micks Cajun Market",,
"6930117VSGFRE007.jpg","05/09/2017","05/09/2017","Versatility Creative Group","Castle Rock, CO Recreation","Castle Rock, CO has several recreation venues, including the Miller Activity Complex.&nbsp;","Castle Rock"
"83801SUB106.jpg","05/09/2017","05/09/2017","Mercy Virtual","Chesterfield, MO Health Care","Chesterfield, MO has a variety of health care providers and medical facilities.&nbsp;","Chesterfield"
"83801SUB052.jpg","05/09/2017","05/09/2017","Jad Ryherd","Chesterfield, MO Retailers","Chesterfield, MO has a variety of retailers and shopping areas, including the&nbsp;Taubman Prestige Outlets.","Chesterfield"
"83801SUB091.jpg","05/09/2017","05/09/2017","Courtesy of Parkway School District","Chesterfield, MO Schools","Chesterfield, MO has a variety of great schools, including the Parkway School District.","Chesterfield"
"83801SUB078.jpg","05/09/2017","05/09/2017","Jim Compton","Chesterfield, MO Sports and Recreation","Chesterfield, MO offers several sports and recreation options, including&nbsp;Monarch Chesterfield Levee Trail.","Chesterfield"
"8380117JNFRE083.jpg","05/09/2017","05/09/2017","Jerry Naunheim Jr.","Chesterfield, MO Real Estate","Chesterfield, MO offers a variety of amenities for residents to live, work and play, including great real estate options.&nbsp;","Chesterfield"
"83801SUB107.jpg","05/09/2017","05/09/2017","Mercy Virtual","Chesterfield, MO Businesses","Chesterfield, MO businesses include successful health care facilities like Mercy Virtual.","Chesterfield"
"83801SUB007.jpg","05/09/2017","05/09/2017","Todd Morgan BackBeat-Photography","Chesterfield, MO Arts and Culture","Chesterfield, MO hosts a variety of arts and cultural&nbsp;events, including the&nbsp;Sounds of Summer Concert Series.","Chesterfield"
"Murfreesboro.jpg","05/10/2017","05/10/2017","Courtesy of David James under a  CC 4.0  license.",,,"Murfreesboro"
"Cary NC.jpg","05/11/2017","05/11/2017","Category: Places Courtesy of bobistraveling under a  CC 4.0  license.",,,
"Fairfax VA.jpg","05/11/2017","05/11/2017","Courtesy of Jeff Rosenberg under a  CC 4.0  license.",,,
"princeton-nj-iStock-458702329.jpg","05/11/2017","05/11/2017","istock aimintang","Princeton NJ",,
"6798647791_4260f5603e_o.jpg","05/12/2017","05/12/2017","Courtesy of slack12 under a  CC 4.0  license.",,,
"1831114MDT4123.jpg","05/17/2017","05/15/2017","Michael Tedesco","Day Block Brewing Minneapolis, MN",,
"Jackson_Hole_WY 2.jpg","05/15/2017","05/15/2017","courtesy of Mr. Jason Hayes under a  CC 4.0  license.",,,"Jackson"
"EMBA-13Jun14-96.jpg","05/16/2017","05/16/2017",,,,
"University-of-Maryland-Medical-Center.jpg","05/16/2017","05/16/2017",,,,
"DK12900.jpg","08/17/2017","05/16/2017","Doug Kapustin",,,
"baltimore-sponsored-content-header.jpg","08/21/2017","05/16/2017","John T. Consoli",,,"Baltimore"
"SolarEclipse.jpg","05/26/2017","05/17/2017","Courtesy of GohRo under a  CC 4.0  license.","Solar Eclipse",,
"ScottCounty17v3W2.jpg","05/17/2017","05/17/2017",,,,
"OBannons_Taphouse.jpg","05/17/2017","05/17/2017","Courtesy of O'Bannon's Taphouse",,,"College Station"
"Chesterfield17v1W.jpg","05/14/2018","05/22/2017",,"Chesterfield, MO Digital Magazine",,"Chesterfield"
"Chesterfield_Logo.PNG","05/22/2017","05/22/2017",,"Chamber of Commerce Logo",,"Chesterfield"
"tn.jpg","05/23/2017","05/23/2017",,,,
"1050112JWA0857.jpg","07/30/2017","05/23/2017","Jeff Adkins","Arts in Nashville, TN",,"Nashville"
"CCHutten.jpg","05/24/2017","05/24/2017",,,,
"MNEDG16v2W.jpg","05/24/2017","05/24/2017",,,,
"Maury17_v21W.jpg","08/30/2017","05/25/2017",,"Maury County, TN Digital Magazine",,
"CatalystChicago.jpg","05/25/2017","05/25/2017","Staff Photo","Catalyst in Chicago, IL",,
"8040116JWA0185.jpg","07/30/2017","05/25/2017","Jeff Adkins","Catalyst Chicago, IL",,"Chicago"
"708032416FO37033.jpg","05/30/2017","05/30/2017","Frank Ordonez","Tyler, TX Historic Downtown","Tyler, TX is known for its historic downtown area which has a host&nbsp;of attractions and things to do.&nbsp;","Tyler"
"70812SUB020.jpg","05/30/2017","05/30/2017","Callynth Finney","Tyler, TX Retail","Tyler, TX is a retail hub with several shopping areas and specialty shops throughout the area.&nbsp;","Tyler, TX Metro Area"
"7080217JWA3256.jpg","05/30/2017","05/30/2017","Jeff Adkins","Tyler, TX Educational Opportunities","Tyler, TX has a variety of educational opportunities at area higher learning institutions.&nbsp;","Tyler"
"70812SUB029.jpg","05/30/2017","05/30/2017","Diana Carter","Tyler, TX Veterans Alliance","Tyler, TX has a strong Veterans Alliance which is helpful to troops in the region.&nbsp;","Tyler"
"7080217JWA5728.jpg","05/30/2017","05/30/2017","Jeff Adkins","Tyler, TX Restaurants","Tyler, TX has a variety of restaurants, including local favorite Smoke Shack.&nbsp;","Tyler"
"7080217JWA0203.jpg","05/30/2017","05/30/2017","Jeff Adkins","Tyler, TX Boutique Resort","Tyler, TX is home to a variety of specialty shops, including a Boutique Resort.","Tyler"
"83009161598MDT.jpg","07/30/2017","05/31/2017","Michael D. Tedesco","Lake Charles LA",,
"9131067773_999015d9f6_z.jpg","05/31/2017","05/31/2017","courtesy of https://www.flickr.com/photos/97954197@N06/","Fort Smith, AR",,
"32017SUB016.jpg","06/01/2017","06/01/2017","Courtesy of Maury County",,"Maury County, TN is known for its great quality of life and arts and culture, including festivals like the annual Mule Festival.","Columbia"
"Lewisburg_Bridge 2015 (1).jpg","06/02/2017","06/01/2017","Courtesy of City of Lewisburg","Lewisburg, TN Parks",,"Lewisburg"
,"06/25/2018","06/01/2017",,"Victor Valley, CA Digital Magazine",,"Victorville"
"37817SUB046.jpg","06/06/2017","06/06/2017","Courtesy of the CVB","Abingdon, VA Agriculture Industry","Abingdon, VA has a rich agriculture industry throughout the Washington County region.&nbsp;","Abingdon"
,"06/06/2017","06/06/2017",,,"Abingdon, VA offers advantages for small businesses and entrepreneurs in the Washington County area.&nbsp;",
"Neighborhood.jpg","06/07/2017","06/07/2017","Courtesy of J Stimp under a  CC 4.0  license.",,,
"25989742120_debdba0e70_b.jpg","06/07/2017","06/07/2017","Courtesy of Olin Gilbert under a  CC 4.0  license.",,,"Florida"
"3780117ENFRE026.jpg","06/07/2017","06/07/2017","Earl Neikirk","Abingdon, VA Businesses",,"Abingdon"
"37817SUB053.jpg","06/07/2017","06/07/2017","Emory & Henry College","Abingdon, VA Colleges",,"Abingdon"
"37816SUB011.jpg","06/07/2017","06/07/2017","Jason Barnette","Abingdon, VA Downtown",,"Abingdon"
"California.jpg","06/08/2017","06/08/2017","Courtesy of Thomas Hawk under a  CC 4.0  license.",,,"California"
"Colorado industries.jpg","08/09/2017","06/08/2017","Courtesy of Jasen Miller under a  CC 4.0  license.",,,"Colorado"
"7080217JWA2110.jpg","06/08/2017","06/08/2017","Jeff Adkins","Tyler, TX","Tyler, TX has a large list of amenities, including a high quality of life for residents of all ages.&nbsp;","Tyler"
"15174035634_7df680f8f1_k.jpg","06/09/2017","06/09/2017","Courtesy of Thomas Hawk under a  CC 4.0  license.",,,
"CastleRockCO2017W.jpg","08/29/2017","06/12/2017",,,,
"8884493965_5b07238fbe_b.jpg","06/12/2017","06/12/2017","courtesy of https://www.flickr.com/photos/chanc/",,,
"20611454766_001aa903b8_h.jpg","06/12/2017","06/12/2017","courtesy of https://www.flickr.com/photos/archer10/",,,"California"
"ITTX17v12W.jpg","01/03/2018","06/12/2017",,"Tyler, TX Digital Magazine",,"Tyler"
,"06/05/2018","06/12/2017",,"Abingdon, VA Digital Magazine",,"Abingdon"
"beer.jpg","06/14/2017","06/14/2017","Staff Photo","Asheville NC Highland Brewing Company",,"Asheville"
"top-employers.jpg","06/14/2017","06/14/2017","Staff Photo","NC Top Employers",,"North Carolina"
"best-places-tennessee.jpg","06/14/2017","06/14/2017","Staff Photo","Best Places to Live in Tennessee",,"Tennessee"
"oxford-ms.jpg","06/14/2017","06/14/2017","courtesy of Damian Entwistle","Oxford MS",,
"attract-talent-diversity.jpg","06/14/2017","06/14/2017","courtesy of David Yu","Attract Talent Diversity",,
"tennessee-outdoor-adventure-travel.jpg","06/14/2017","06/14/2017","Staff Photo","Tennessee Outdoor Adventure",,
"El Paso_17v7W.jpg","08/29/2017","06/14/2017",,,,
"3377136488_6352d1e3d1_b.jpg","08/23/2017","06/14/2017","Courtesy of Dana McMahan under a  CC 2.0  license.","Nord's Bakery Louisville, KY",,
"shakopee-mn-things-to-do.jpg","06/14/2017","06/14/2017","Staff Photo","Shakopee MN",,"Shakopee"
"shakopee-mn-outdoor-recreation.jpg","06/14/2017","06/14/2017","Staff Photo","Shakopee MN",,"Shakopee"
"shakopee-mn-outdoor-recreation2.jpg","06/14/2017","06/14/2017","Staff Photo","Shakopee MN",,"Shakopee"
"Becky.jpg","06/14/2017","06/14/2017",,,,
"343517THFRE017.jpg","06/15/2017","06/15/2017","Troy Herring","Elizabeth City, NC Arts",,"Elizabeth City"
"34316SUB013.jpg","06/15/2017","06/15/2017","Courtesy of Pasquotank County Economic Development","Elizabeth City, NC Business",,"Elizabeth City"
"iStock-523161304.jpg","06/15/2017","06/15/2017","istock.com/rez-art","Elizabeth City, NC Restaurants",,"Elizabeth City"
"34316SUB041.jpg","06/15/2017","06/15/2017","Roger Ball","Elizabeth City, NC Solar Farm",,"Elizabeth City"
"marion-ia-arts.jpg","06/15/2017","06/15/2017","Courtesy of Giving Tree Theater","Marion IA Arts",,"Marion"
"marion-ia-farmers-market.jpg","06/15/2017","06/15/2017","Staff Photo","Marion IA Farmers Market",,"Marion"
"elizabeth-city-sentara-medical.jpg","06/15/2017","06/15/2017","Courtesy of Sentara Albemarle Medical Center","Elizabeth City Health",,"Elizabeth City"
"elizabeth-city-education.jpg","06/15/2017","06/15/2017","Courtesy of College of the Albemarle","Elizabeth City NC Schools",,"Elizabeth City"
"pet-friendly-livability.jpg","06/15/2017","06/15/2017","Staff Photo","Pet Friendly Livability",,
"gillette-wy-recreation-center.jpg","06/15/2017","06/15/2017","Staff Photo","Gillette WY Recreation Center",,"Gillette"
"6040115MDT3104.jpg","06/15/2017","06/15/2017","Staff Photo","Gillette WY Business",,"Gillette"
"gillette-wy-recreation-center2.jpg","06/15/2017","06/15/2017","Staff Photo","Gillette WY Recreation",,"Gillette"
"6040115MDT4484.jpg","07/30/2017","06/15/2017","Michael D. Tedesco","Gillette WY",,"Gillette"
"6040306WA6039.jpg","07/26/2017","06/15/2017","Wes Aldridge","Gillette WY",,"Gillette"
"6040813jso0675.jpg","08/01/2017","06/15/2017","Jeffrey S. Otto","Gillette WY Golf",,"Gillette"
"6041011BM6747.jpg","07/30/2017","06/15/2017","Brian McCord","Gillette WY Pioneer Manor",,"Gillette"
"3431012MJC2178Horiz.jpg","07/30/2017","06/16/2017","Michael Conti","Elizabeth City NC","Albemarle River in Elizabeth City NC","Elizabeth City"
"3431013WJO1324horiz.jpg","06/16/2017","06/16/2017","Staff Photo","Elizabeth City, NC","Elizabeth City, NC is known for its beautiful waterfront.","Elizabeth City"
"3471013BM9691horiz.jpg","07/30/2017","06/16/2017","Brian McCord","Danville KY",,"Danville"
"34714SUB058.jpg","06/19/2017","06/19/2017","Chris Radcliffe","Danville KY","Eastern Kentucky University","Danville"
"3471014MJC0075.jpg","07/30/2017","06/19/2017","Michael Conti","Danville KY","Mary Smith and her daughter, prospective student Claire Smith, talk to senior Hope Wigginton about Centre College at Centre College in Danville, Kentucky, Boyle County.","Danville"
"3471213MJC0281.jpg","07/30/2017","06/19/2017","Michael Conti","Danville KY","Students weigh pieces of clay to be used in a science experiment at Bate Middle School in Danville, Kentucky, Boyle County.","Danville"
"3471213MJC0166.jpg","07/30/2017","06/19/2017","Michael Conti","Danville KY","Jimmy Buck paints panels for portable electrical generators at the Denyo manufacturing plant in Danville, Boyle County, Kentucky.","Danville"
"6520614MDT4953.jpg","06/19/2017","06/19/2017","Staff Photo","El Paso TX","Southwest University Stadium, 2 Civic Center Plaza, El Paso TX. Home to the MLB San Diego Padres &nbsp;Triple A affiliate El Paso Chihuahuas","El Paso"
"6520813FO8030.jpg","07/30/2017","06/19/2017","Frank Ordoñez","El Paso TX","Venue at Montecillo","El Paso"
"6520816BWFRE0029.jpg","06/19/2017","06/19/2017","Staff Photo","El Paso TX","San Jacinto Plaza is a historic park located on the corner of Oregon and Mills in the heart of Downtown El Paso, Texas. The newly remodeled park opened in April 2016.","El Paso"
"6520813FO8091.jpg","07/30/2017","06/19/2017","Frank Ordoñez","El Paso TX","Runners and walkers take advantage of the beautiful rugged setting and challenging road that leads to McKelligon Canyon Park in El Paso, TX","El Paso"
"Mayo_Clinic.jpg","06/19/2017","06/19/2017","iStock.com/DNY59","Mayo Clinic",,"Minnesota"
"3470709JWA2489.jpg","07/30/2017","06/19/2017","Jeff Adkins","Danville KY","Large houses have great views of the course at the Old Bridge golf course in Danville, Kentucky. Old Bridge is an 18-hole golf course &nbsp;located next to Herrington Lake.&nbsp;","Danville"
"3471112MBC9538horiz.jpg","06/19/2017","06/19/2017","Staff Photo","Danville KY","Centre students walk across campus. Centre College is a nationally recognized liberal arts college in Danville KY.","Danville"
"34710167764MDT.jpg","07/30/2017","06/19/2017","Michael D. Tedesco","Danville KY","Plank on Main a boutique fitness studio, juice cafe, and products for the active and health-conscious. Offering yoga, pilates, &amp; barre in Danville KY","Danville"
"3470709JWA2505horiz.jpg","06/19/2017","06/19/2017","Staff Photo","Danville KY","Colorful cliffs rise out of the water at Herrington Lake in Danville, Kentucky.","Danville"
"82902SUB138.jpg","06/19/2017","06/19/2017","ALLINA HOSPITALS & CLINICS","St Francis Hospital",,
"Portsmouth_NH.jpg","06/20/2017","06/20/2017","Courtesy of Doug Kerr under a  CC 2.0  license.","Portsmouth, NH","View of the bridge over Portsmouth, NH.","Portsmouth"
"Leesburg_VA_Families.JPG","06/20/2017","06/20/2017","Courtesy of Town of Leesburg","Leesburg, VA","The lazy river and slide tower at the A.V. Symington Outdoor Aquatic Center in Leesburg, Virginia’s Ida Lee Park.","Leesburg"
"Traverse_City_MI01.jpg","06/20/2017","06/20/2017","Courtesy of Traverse City Convention & Visitors Bureau","Traverse City, MI","Dogsled rides are offered in Traverse City, Michigan.","Traverse City"
"Panama_City_FL.jpg","06/20/2017","06/20/2017","Courtesy of dconvertini under a  CC 2.0  license.","Panama City, FL","The beach at Panama City, Florida.","Panama City"
"Louisville_KY.jpg","06/20/2017","06/20/2017","Courtesy of Chris Watson under a  CC 2.0  license.","Louisville, KY","Downtown Louisville, KY from the Ohio River.","Louisville"
"Emily_Handy.png","06/26/2017","06/20/2017",,,,
"CT_fall_foliage.jpg","06/20/2017","06/20/2017","Courtesy of Mark Hester under a  CC 2.0  license.","Torrington, CT","Fall scenery in Torrington, CT.","Torrington"
"Shreveport_LA_Fair.jpg","06/20/2017","06/20/2017","Courtesy of Shreveport-Bossier Convention and Tourist Bureau under a  CC 2.0  license.","Shreveport, LA","The State Fair of Louisiana in Shreveport.","Shreveport"
"5620250067_58a780ef63_b.jpg","06/20/2017","06/20/2017","Courtesy of David Wilson under a  CC 2.0  license.","Memphis, TN",,"Memphis"
"Bismarck_Hawktre_Golf_Course03.jpg","06/20/2017","06/20/2017","Dan Koeck","Bismarck, ND","Hawktree Golf Course in Bismarck, ND.","Bismarck"
"Redmond_WA_Beer.jpg","06/20/2017","06/20/2017","Courtesy of Henry Alva under a  CC 2.0  license.","Redmond, WA","Mac &amp; Jack's from Redmond, WA growlers.","Redmond"
"Portland_OR_Beer.jpg","06/21/2017","06/21/2017","Courtesy of throgers under a  CC 2.0  license.","Portland, OR","Hair of the Dog in Portland, OR.","Portland"
"Morrisville_VT_Beer.jpg","06/21/2017","06/21/2017","Courtesy of Adam Chandler under a  CC 2.0  license.","Morrisville, VT","Barbecue and beer at Lost Nation Brewing in Morrisville, VT.","Morrisville"
"Bloomington_IN_Beer.jpg","06/21/2017","06/21/2017","Courtesy of Alyson Hurt under a  CC 2.0  license.","Bloomington, IN","A flight of beer at Upland Brewing in Bloomington, IN.","Bloomington"
"Boise_ID_Beer.jpg","06/21/2017","06/21/2017","Courtesy of Sockeye Grill & Brewery","Boise, ID","A night on the Sockeye Grill &amp; Brewery patio in Boise, ID.","Boise"
"Gainesville_FL_Beer.jpg","06/21/2017","06/21/2017","Courtesy of Andrew Turner under a  CC 2.0  license.","Gainesville, FL","Saison du Swamp at Swamp Head Brewery in Gainesville, FL.","Gainesville"
"Hays_KS_Beer.jpg","06/21/2017","06/21/2017","Thomas Zimmerman","Hays, KS","Walk up to Lb Brewing Co’s bar, and you'll be met with their many American Beer Festival banners. Of course, choosing just one brew is hard, so make sure to get a sampler to try eight different flavors.","Hays"
"Louisville_KY_Beer.jpg","06/21/2017","06/21/2017","Courtesy of Pam Culver under a  CC 2.0  license.","Louisville, KY","A flight of beer in Louisville, KY.","Louisville"
"4856306827_ebae9d438e_b.jpg","08/23/2017","06/21/2017","Courtesy of Sean Davis under a  CC 2.0  license.","Memphis, TN",,"Memphis"
"Henderson_NV.jpg","06/21/2017","06/21/2017","Courtesy of Robert Ciavarro under a  CC 2.0  license.","Henderson, NV","Lake Las Vegas in Henderson, NV.","Henderson"
"Harrisburg_PA_Beer.jpg","06/21/2017","06/21/2017","Courtesy of Andrew Holmes under a  CC 2.0  license.","Harrisburg, PA","Appalachian Brewing in Harrisburg, PA.","Harrisburg"
"Colorado_Spring_CO_Pets.jpg","06/21/2017","06/21/2017","Courtesy of Jasen Miller under a  CC 2.0  license.","Colorado Springs, CO","Two huskies in Colorado Springs, CO.","Colorado Springs"
"Dobbs_Ferry_NY.jpg","06/21/2017","06/21/2017","Courtesy of","Dobbs Ferry, NY","The Estherwood House in Dobbs Ferry, NY.","Dobbs Ferry"
"Minneapolis_MN_Music.jpg","06/21/2017","06/21/2017","Courtesy of Dustin Gaffke under a  CC 2.0  license.","Minneapolis, MN","Panic! At the Disco performs at the&nbsp;Basilica Block Party in Minneapolis, MN.","Minneapolis"
"2020100JWA3342.jpg","06/21/2017","06/21/2017","Staff Photo","Charlotte NC","Visitors listen to the music of Trial by Fire during Party in the Park at the new Romare Bearden Park in downtown Charlotte, North Carolina.","Charlotte"
"Charlotte_NC_Books.jpg","06/21/2017","06/21/2017","Courtesy of Chris Goldberg under a  CC 2.0  license.","Charlotte, NC","Julia's Coffee bookstore in Charlotte, NC.","Charlotte"
"Burlington_VT.jpg","06/21/2017","06/21/2017","Courtesy of heipei under a  CC 2.0  license.","Burlington, VT","Downtown Burlington, VT.","Burlington"
"151AIK0808IC0023horiz.jpg","06/21/2017","06/21/2017","Staff Photo","Charleston SC","In Aiken, SC Hopelands Gardens appeals to residents looking for a tranquil spot to enjoy nature.","Aiken"
"Santa_Fe_NM_FM.jpg","06/21/2017","06/21/2017","Courtesy of La Citta vita under a  CC 2.0  license.","Santa Fe, NM","Santa Fe farmers market.","Santa Fe"
"Santa_Cruz_CA_FM.jpg","06/21/2017","06/21/2017","Courtesy of Peter Andersson under a  CC 2.0  license.","Santa Cruz, Ca","Farmers market in Santa Cruz, CA.","Santa Cruz"
"Boulder_CO_FM.jpg","06/21/2017","06/21/2017","Courtesy of Jason Janelle under a  CC 2.0  license.","Boulder, CO","Farmers market in Boulder, CO.","Boulder"
"Burlington_VT_FM.jpg","06/21/2017","06/21/2017","Courtesy of Katherine Martinelli under a  CC 2.0  license.","Burlington, VT","Farmers market in Burlington, VT.","Burlington"
"Portland_OR_FM.jpg","06/21/2017","06/21/2017","Courtesy of drburtoni under a  CC 2.0  license.","Portland, OR","Farmers market in Portland, OR.","Portland"
"Chattanooga_TN_FM.jpg","07/12/2017","06/21/2017","Courtesy of Larry Miller under a  CC 2.0  license.","Chattanooga, TN","Farmers market in Chattanooga, TN.",
"puppy1.jpg","06/21/2017","06/21/2017","M.A. Orr","Franklin, TN",,
"8130715MDT7639.jpg","06/21/2017","06/21/2017","Staff Photo","Rochester MN","Quarry Hill Nature Center and Park, 701 Silver Creek Road NE, Rochester, MN","Rochester"
"8130216SWFRE066.jpg","06/21/2017","06/21/2017","Staff Photo","Rochester MN","Minnesota BioBusiness Center","Rochester"
"8130216SWFRE125.jpg","06/21/2017","06/21/2017","Staff Photo","Rochester MN","Grand Round Breweries","Rochester"
"State_College_PA.jpg","06/21/2017","06/21/2017","Courtesy of Penn State under a  CC 2.0  license.","State College, PA","Penn State's Old Main building in State College, PA.","State College"
"81301SUB046.jpg","06/21/2017","06/21/2017","Chad Johnson","Rochester MN","River Walk","Rochester"
"Columbus_OH.jpg","06/21/2017","06/21/2017","Courtesy of Stephen Wolfe under a  CC 2.0  license.","Columbus, OH","Downtown Columbus, OH.","Columbus"
"8130715MDT8370horiz.jpg","07/30/2017","06/21/2017","Michael D. Tedesco","Rochester MN","Historic 3rd Street, Rochester, MN","Rochester"
"81301SUB082horiz.jpg","06/21/2017","06/21/2017","Lisa Battles","Rochester MN","Paragon Chateau 14 Theater","Rochester"
"Maitland_FL.jpg","06/21/2017","06/21/2017","Courtesy of Don Thomas CPA","Maitland, FL","A view of Maitland, FL.","Maitland"
"81302SUB011horiz.jpg","06/21/2017","06/21/2017","Courtesy of Four Daughter Vineyard & Winery","Rochester MN",,"Rochester"
"8130715MDT8019.jpg","07/30/2017","06/21/2017","Michael D. Tedesco","Rochester MN","Soldier's Field Park, George Gibbs Drive SW, Rochester, MN. Soldiers Field Veterans Memorial
is dedicated to all veterans for their service in the Armed Forces of the United States of America.","Rochester"
"puppies-walking.jpg","06/21/2017","06/21/2017","M.A. Orr",,,"Franklin"
"Princeton_NJ.jpg","06/21/2017","06/21/2017","Courtesy of Khurt Williams under a  CC 2.0  license.","Princeton, NJ","The streets of Princeton, NJ.","Princeton"
"Fergus_Falls_MN.jpg","06/21/2017","06/21/2017","Courtesy of Kyle Matteson under a  CC 2.0  license.","Fergus Falls, MN","On the water in Fergus Falls, MN.","Fergus Falls"
"Hendersonville_NC.jpg","06/21/2017","06/21/2017","Courtesy of Allen Forrest under a  CC 2.0  license.","Hendersonville, NC","The court house in Hendersonville, NC.","Hendersonville"
"Aspen_CO.jpg","06/21/2017","06/21/2017","Courtesy of the Aspen Chamber, Jason Dewey","Aspen, CO","The mountains surrounding Aspen, CO.","Aspen"
"Coupeville_WA01.jpg","06/21/2017","06/21/2017","Courtesy of Micah Elizabeth Scott under a  CC 2.0  license.","Coupeville, WA","The Pacific Ocean alongside Coupeville, WA.","Coupeville"
"Rolla_MO.jpg","06/21/2017","06/21/2017","Courtesy of Missouri Division of Tourism under a  CC 2.0  license.","Rolla, MO","Canoeing in the Mark Twain National Forest near Rolla, MO.","Rolla"
"Plattsburg_NY.jpg","06/21/2017","06/21/2017","Courtesy of the Adirondack Coast Visitors Bureau","Plattsburgh, NY","An Amtrak train drives through Plattsburgh, New York.&nbsp;","Plattsburgh"
"Greenwich_CT.jpg","06/21/2017","06/21/2017","Courtesy of City of Greenwich","Greenwich, CT",,"Greenwich"
"iStock-521268099.jpg","06/21/2017","06/21/2017","istock: youngryand","Madison WI","Madison, WI, USA - July 26, 2014: Colorado music act ""Rich With Friends"" performs outside the Wisconsin State Capitol building during a regular Saturday Farmer's Market.","Madison"
"Silver_City_NM.jpg","06/21/2017","06/21/2017","Courtesy of dedhed1950 under a  CC 2.0  license.","Silver City, NM",,"Silver City"
"8160214JWA7283.jpg","07/26/2017","06/21/2017","Jeff Adkins","Madison WI","Students study inside of the new Union South building on the campus of the University of Wisconsin in Madison, Wisconsin.","Madison"
"8160214JWA5623_rotate.jpg","06/21/2017","06/21/2017","Staff Photo","Madison WI","The Gateway center houses the new Madison Area Technical College Ingenuity Center in Madison, Wisconsin. The Ingenuity Center is a 62,000-square-foot facility outfitted with the tools and equipment to teach students the latest in advanced manufacturing skills.","Madison"
"Essex_Junction_VT.jpg","06/21/2017","06/21/2017","Courtesy of the Village of Essex Junction","Essex Junction, VT","A view of Veterans Park in Essex Junction, VT.&nbsp;","Essex Junction"
"Anacortes_WA.jpg","06/21/2017","06/21/2017","Courtesy of the Town of Anacortes","Anacortes, WA","An aerial view of downtown Anacortes, Washington.&nbsp;","Anacortes"
"Auburn_CA.jpg","06/21/2017","06/21/2017","Courtesy of James Gaither under a  CC 2.0  license.","Auburn, CA","Old Town Aubrun, CA.","Auburn"
"Bemidji_MN.jpg","06/21/2017","06/21/2017","Courtesy of Randy Hilliard","Bemidji, MN","Bemidji, Minnesota sits on the shore of Lake Bemidji.","Bemidji"
"Coos_Bay_OR.jpg","06/21/2017","06/21/2017","Courtesy of City of Coos Bay","Coos Bay, OR","The sun rises over the boardwalk in Coos Bay, Oregon.&nbsp;","Coos Bay"
"Merriam_KS.jpg","06/21/2017","06/21/2017","Courtesy of Chris Murphy under a  CC 2.0  license.","Merriam, KS","Bridge over Turkey Creek in Merriam, KS.","Merriam"
"should-you-move-quiz.jpg","06/22/2017","06/22/2017",,"Should You Move Quiz",,
"Easton_MD01.jpg","06/22/2017","06/22/2017","Courtesy of David Steele under a  CC 2.0  license.","Easton, MD","Streets of downtown Easton, MD.","Easton"
"Suffern_NY.jpg","06/22/2017","06/22/2017","Courtesy of Doug Kerr under a  CC 2.0  license.","Suffern, NY","Lafayette Theatre in Suffern, NY.","Suffern"
"Stephenville_TX01.jpg","06/22/2017","06/22/2017","Sam Fenstermacher","Stephenville, TX","The Erath County Courthouse on the town square in Stephenville, TX.","Stephenville"
"River_Falls_WI01.jpg","06/22/2017","06/22/2017","Kathy M Helgeson/UW-River Falls","River Falls, WI","South Hall at&nbsp;the University of Wisconsin-River Falls in River Falls, WI.","River Falls"
"Fort_Walton_FL.jpg","06/22/2017","06/22/2017","Courtesy of Jeremy Wilburn under a  CC 2.0  license.","Fort Walton Beach, FL","The harbor in Fort Walton Beach, FL.","Fort Walton Beach"
"Whitefish_MT.jpg","06/22/2017","06/22/2017","Courtesy of Brian Schott","Whitefish, MT","Central Avenue in Whitefish, MT is the centerpiece to an authentic mountain town surrounded by natural beauty.","Whitefish"
"Fredericksburg_TX01.jpg","06/22/2017","06/22/2017","Courtesy of Curtis Simmons under a  CC 2.0  license.","Fredericksburg, TX","Herb Farm in Fredericksburg, TX.","Fredericksburg"
"Farmington_MO.jpg","06/22/2017","06/22/2017","Courtesy of J. Stephen Conn under a  CC 2.0  license.","Farmington, MO","St. Francois County Courthouse in Farmington, MO.","Farmington"
"Incline_Village_NV.jpg","06/22/2017","06/22/2017","Courtesy of Jeff Dow","Incline Village, NV","A view of Incline Village, Nevada.&nbsp;","Incline Village"
"Portales_NM.jpg","06/22/2017","06/22/2017","Courtesy of Jimmy Emerson under a  CC 2.0  license.","Portales, NM","Eastern New Mexico University in Portales, NM.","Portales"
"Greensburg_PA.jpg","06/22/2017","06/22/2017","Courtesy of vefanuri under a  CC 2.0  license.","Greensburg, PA","Twin Lakes in Greensburg, PA.","Greensburg"
"Itasca_IL.jpg","06/22/2017","06/22/2017","Courtesy of Mike under a  CC 2.0  license.","Itasca, IL","Boardwalk in Itasca, IL.","Itasca"
"Boerne_TX.jpg","06/22/2017","06/22/2017","Stephen Cherry","Boerne, TX","Boerne City Lake in Boerne, TX.","Boerne"
"Harrison_AR.jpg","06/22/2017","06/22/2017","Courtesy of J. Stephen Conn under a  CC 2.0  license.","Harrison, AR","Downtown Harrison, AR.","Harrison"
"Houghton_MI.jpg","06/22/2017","06/22/2017","Courtesy of Tony Webster under a  CC 2.0  license.","Houghton, MI","A view of Houghton, MI.","Houghton"
"Sandpoint_ID.jpg","06/22/2017","06/22/2017","Courtesy of the Greater Sandpoint Chamber of Commerce","Sandpoint, ID","An aerial view of Sandpoint, ID.","Sandpoint"
"Fullerton_CA.jpg","06/22/2017","06/22/2017","Courtesy of Traveler100 under a  CC 2.0  license.","Fullerton, CA","Architecture in Fullerton, CA.","Fullerton"
"Redmond_WA.jpg","06/22/2017","06/22/2017","Courtesy of Richard Cassan under a  CC 2.0  license.","Redmond, WA","Aerial view of Redmond, WA.","Redmond"
"Thousand_Oaks_CA.jpg","06/22/2017","06/22/2017","Courtesy of Cameron Khan under a  CC 2.0  license.","Thousand Oaks, CA","The view over the lake in Thousand Oaks, CA.","Thousand Oaks"
"Santa_Clarita_CA.jpg","06/22/2017","06/22/2017","Courtesy of Jeff Turner under a  CC 2.0  license.","Santa Clarita, CA","An aerial view of Santa Clarita, CA.","Santa Clarita"
"8210100JWA5846.jpg","07/30/2017","06/23/2017","Jeff Adkins","Gainesville FL",,"Gainesville"
"8210100JWA4430horiz.jpg","07/30/2017","06/23/2017","Jeff Adkins","Gainesville FL",,"Gainesville"
"8210100JWA5622.jpg","07/30/2017","06/23/2017","Jeff Adkins","Gainesville FL",,"Gainesville"
"things-to-do-amenities.jpg","06/23/2017","06/23/2017",,"Things to Do",,
"8210100JWA4629horiz.jpg","07/30/2017","06/23/2017","Jeff Adkins","Gainesville FL",,"Gainesville"
"82103SUB181.jpg","06/23/2017","06/23/2017","©University of Florida/Ray Carson","Gainesville FL","D-2253. Football, University of South Florida versus Florida at Ben Hill Griffin Stadium","Gainesville"
"8210215SUB037horiz.jpg","06/23/2017","06/23/2017","Courtesy of Visit Gainesville","Gainesville FL",,"Gainesville"
"feature photo.jpg","07/05/2017","06/26/2017","Courtesy of Randen Pederson under a  CC 2.0  license.",,,
"Helena_MT.jpg","06/26/2017","06/26/2017","Courtesy of The National Economic and Social Rights Initiative under a  CC 2.0  license.","Helena, MT","A view of Helena, MT.","Helena"
"Beverly_MA.jpg","06/26/2017","06/26/2017","Courtesy of Mr.TinDC under a  CC 2.0  license.","Beverly, MA","Downtown Beverly, MA in the fall.","Beverly"
"Centennial_CO.jpg","06/26/2017","06/26/2017","Courtesy of Mr.TinDC under a  CC 2.0  license.","Centennial, CO","Downtown Centennial, CO.","Centennial"
"Costa_Mesa_CA.jpg","06/27/2017","06/27/2017","Courtesy of Chris Jepsen under a  CC 2.0  license.","Costa Mesa, CA","Architecture in Costa Mesa, CA.","Costa Mesa"
"Burlingotn_VT_Maple_Syrup.jpg","06/27/2017","06/27/2017","Courtesy of the United States Department of Agriculture under a CC 2.0 license.","Burlington, VT","A maple syrup farm in Vermont.","Burlington"
"Waco_TX_DrPepper.jpg","05/22/2018","06/27/2017","Courtesy of  Ann W under a  CC 2.0  license.","Waco, TX","An antique Dr. Pepper delivery truck on display at the Dr. Pepper Museum in Waco, TX.","Waco"
"Fishing_TX.jpg","06/27/2017","06/27/2017","Courtesy of Dave Wilson under a CC 2.0 license.","Texas","Fishing in Texas.","Texas"
"TX_Barbeque.jpg","06/27/2017","06/27/2017","Antony Boshier","Texas Barbecue","Barbecue sandwich.","Texas"
"feature.jpg","06/27/2017","06/27/2017","Courtesy of rsaxvc under a  CC 2.0  license.",,,"Billings"
"7170509BM8808.jpg","06/27/2017","06/27/2017","Brian McCord","Florence-Darlington Technical College","Florence-Darlington Technical College","South Carolina"
"TN_Cave.jpg","06/27/2017","06/27/2017","Courtesy of Arthur T. LaBar under a CC 2.0 license.","Tennessee Cave","Cave in Tennessee.","Tennessee"
"7840711THB0042.jpg","06/27/2017","06/27/2017","Todd Bennett","v","Boeing employees are trained for a variety of tasks at the company's training facility at Trident Technical College in North Charleston, SC. Rivetting, sealing and wiring, are all necessary for Boeing's assembly facility for the 787 Dreamliner program in North Charleston, SC. The &nbsp;project alone will generate millions of dollars in capital investment, in excess of 4,000 new jobs and millions more in spinoff development.","South Carolina"
"7840712THB1192.jpg","06/27/2017","06/27/2017","Todd Bennett","Greenville, SC.","Scientists work inside a lab at Lab 21 in Greenville, SC.","South Carolina"
"7841016TBFRE141.jpg","07/30/2017","06/27/2017","Todd Bennett","South Carolina Top Industries","Warm air ducts are installed on a BMW X3 instrument panel at Draxlmaier in Duncan, S.C.","South Carolina"
"7840914JSO0462.jpg","06/27/2017","06/27/2017","Jeffrey S. Otto",,"Spartina 449 is a purse manufacturer located in Hilton Head with a retail outlet in Blufton, SC","South Carolina"
"Playground_MSD.jpg","06/27/2017","06/27/2017","Michael D. Tedesco","Playground","Rachel Spears catches her son Grant as he plays on the slide.","Tennessee"
"7840712THB0498.jpg","07/10/2017","06/27/2017","Todd Bennett","Port of Charleston","The Port of Charleston is a seaport located in South Carolina in the Southeastern United States.","South Carolina"
"Iggys_Warwick_RI.jpg","06/28/2017","06/28/2017","Courtesy of Amy Meredith under a  CC 2.0  license.","Warwick, RI","A seafood feast at Iggy's Doughboys and Chowder House in Warwick, RI.","Warwick"
"Woodland_Park_Winery_OK.jpg","06/28/2017","06/28/2017","Courtesy of Oklahoma Agritourism under a  CC 2.0  license.","Stillwater, OK","Woodland Park Vineyards and Winery wines on display.","Stillwater"
"NC_Symphony.jpg","06/28/2017","06/28/2017","Courtesy of Jon Neubauer under a  CC 2.0  license.","North Carolina Symphony","The North Carolina Symphony performs in the park in Charlotte, NC.","North Carolina"
"NC_BBQ.jpg","06/28/2017","06/28/2017","Courtesy of xtina under a  CC 2.0  license.","North Carolina Barbecue","Barbecue pulled pork in North Carolina.","North Carolina"
"Albright_Knox_Art_Gallery.jpg","06/28/2017","06/28/2017","Courtesy of Nick Stanley under a  CC 2.0  license.","Tonawandas, NY","North Tonawanda's close proximity to Albright-Knox Art Gallery.","Tonawanda"
"MS_BBQ.jpg","06/28/2017","06/28/2017","Jeff Adkins","Mississippi Barbecue","The Half Smoked Chicken&nbsp;at Romie's Barbeque&nbsp;in downtown Tupelo, Mississippi.","Mississippi"
"CO_Food.jpg","06/28/2017","06/28/2017","Antony Boshier","Colorado Springs, CO","Pepper varieties in Colorado.","Colorado Springs"
"Cutler_Hall_in_October.jpg","06/28/2017","06/28/2017","Courtesy of JAKeeran under a  CC 2.0  license.","Colorado Springs, CO","Culter Hall at Colorado College in Colorado Springs, CO.","Colorado Springs"
"CO_Springs_Army.jpg","06/28/2017","06/28/2017","Courtesy of Chairman of the Joint Chiefs of Staff under a  CC 2.0  license.","Courtesy of Chairman of the Joint Chiefs of Staff under a  CC 2.0  license.","Graduation at the Air Force Academy in Colorado Springs, CO.","Colorado Springs"
"Delaware_Water_Gap.jpg","06/28/2017","06/28/2017","Courtesy of Peter Miller under a  CC 2.0  license.","Stroudsburg, PA","An overlook of the Delaware Water Gap in Stroudsburg, PA.","Stroudsburg borough"
"FL_Disney.jpg","06/28/2017","06/28/2017","Courtesy of Ricky Brigante under a  CC 2.0  license.","Florida Employers","Walt Disney World is a top employer in Florida.","Florida"
"FL_Recreation.jpg","06/28/2017","06/28/2017","Courtesy of Florida Fish and Wildlife under a  CC 2.0  license.","Florida","A family kayaks in Florida.","Florida"
"FL_Museum_Natural_History.jpg","06/28/2017","06/28/2017","Courtesy of Corn Farmer under a  CC 2.0  license.","Courtesy of Corn Farmer under a  CC 2.0  license.","The Florida Museum of Natural History in Gainesville, FL.","Gainesville"
"golf.jpg","06/28/2017","06/28/2017","Michael Tedesco","Golf",,"Athens"
"Hawaiian_Falls_TX.jpg","06/28/2017","06/28/2017","Courtesy of David R. Tribble under a  CC 2.0  license.","Midlothian, TX","The Pipe Line water slide in Midlothian, TX.","Midlothian"
"Idaho_Falls_ID_Art.jpg","06/28/2017","06/28/2017","Robin Parrott","Idaho Falls, ID","Inside of the Art Museum of Eastern Idaho in Idaho Falls, ID.","Idaho Falls"
"Idaho_Falls.jpg","06/28/2017","06/28/2017","Courtesy of Bureau of Land Management under a  CC 2.0  license.","Idaho Falls, ID","A view of the Snake River just outside of Idaho Falls, ID.","Idaho Falls"
"feature.jpg","06/28/2017","06/28/2017","Courtesy of Gabe Popa under a  CC 2.0  license.",,,"Illinois"
"japanesegardens.jpg","06/28/2017","06/28/2017",,,,
"6540113BM4540.jpg","06/29/2017","06/29/2017","Staff Photo","Minority Entrepreneurs",,
"Indianapolis_Childrens_Museum.jpg","06/29/2017","06/29/2017","Courtesy of Ted under a  CC 2.0  license.","Indianapolis, IN","A dinosaur breaks out of the Children's Museum of Indianapolis, IN.","Indianapolis"
"Indiana_State_Museum.jpg","06/29/2017","06/29/2017","Courtesy of Intiaz Rahim under a  CC 2.0  license.","Indianapolis, IN","The Indiana State Museum in Indianapolis, IN.","Indianapolis"
"Falafel_Iowa_City_IA.jpg","06/29/2017","06/29/2017","Courtesy of Neil Conway under a  CC 2.0  license.","Iowa City, IA","Oasis Falafel in Iowa City, IA.","Iowa City"
"KY_CenterforPerformingArts.jpg","06/29/2017","06/29/2017","Courtesy of Festival of Faiths under a  CC 2.0  license.","Louisville, KY","The Kentucky Center for Performing Arts in Louisville, KY.","Louisville"
"Lexington_Horse.jpg","06/29/2017","06/29/2017","Courtesy of Brett Monroe under a  CC 2.0  license.","Lexington, KY","A horse grazes in Lexington, KY.","Lexington"
"MAine_Tech.jpg","06/29/2017","06/29/2017","Courtesy of Deep Cwind under a  CC 2.0  license.","Portland, ME","Students work on a project.","Portland"
"Berkeley_CA.jpg","06/29/2017","06/29/2017","Courtesy of Joe Parks under a  CC 2.0  license.","Berkely, CA","An aerial view of Berkeley, CA.","Berkeley"
"feature.jpg","06/29/2017","06/29/2017","Courtesy of Aamer Javed under a  CC 2.0  license.",,,
"Chapel-Hill-NC.jpg","06/29/2017","06/29/2017","Courtesy of Chrissy Hunt under a  CC 2.0  license.","University of North Carolina Chapel Hill",,"Chapel Hill"
"Charlotte-NC.jpg","06/29/2017","06/29/2017","Courtesy of John Wenzelburger under a  CC 2.0  license.","Charlotte, NC",,"Charlotte"
"Rochester-MN.jpg","06/29/2017","06/29/2017","Courtesy of Shane Rovang under a  CC 2.0  license.","Rochester, MN",,"Rochester"
"6024408734_17216f201f_b.jpg","07/01/2017","07/01/2017","Courtesy of finchlake2000 under a  CC 4.0  license.",,,"Louisiana"
"Minnesota industries.jpg","07/01/2017","07/01/2017","Courtesy of :Jim Brekke under a  CC 4.0  license.",,,"Minnesota"
"10536864356_50096b91b6_b.jpg","07/01/2017","07/01/2017","Courtesy of Jerry and Pat Donaho under a  CC 4.0  license.",,,"Texas"
"Nk1LcJVY.jpg","07/02/2017","07/02/2017",,,,
"Papillion_NE.jpg","07/03/2017","07/03/2017","Courtesy of the City of Papillion","Papillion, NE","Halleck Park in Papillion, NE.","Papillion"
"Anaheim_CA.jpg","07/03/2017","07/03/2017","Courtesy of Hubert Yu under a  CC 2.0  license.","Anaheim, CA","Disneyland in Anaheim, CA.","Anaheim"
"F&W Classic.jpg","07/25/2017","07/03/2017","Photo: Courtesy of Ann Larie Valentine under a  CC 2.0 license.","Colorado Festivals",,"Colorado"
"Fort Collins.jpg","07/05/2017","07/03/2017","Courtesy of Wikimedia Commons under a  CC 3.0  license.",,,
"Harvey Jackson Mural - Kevin Dooley and Google Street View (Flickr).jpg","09/25/2017","07/03/2017","Courtesy of Kevin Dooley under a  CC 2.0  license.","Gillette, WY","Harvey Jackson Mural in Gillette, WY.","Gillette"
"AthensFarmersMarket.jpg","07/03/2017","07/03/2017",,,,
"Baltimore Farmers Market 1.JPG","07/03/2017","07/03/2017","Baltimore Office of Promotion & The Arts","Baltimore Farmers’ Market & Bazaar in Baltimore, MD",,"Baltimore"
"Muncie_IN.jpg","07/03/2017","07/03/2017","Courtesy of David Ellis under a  CC 2.0  license.","Muncie, IN","Minnetrista museum in Muncie, IN.","Muncie"
"1280px-City Skyline-1.jpg","07/03/2017","07/03/2017","By Scott Roth (Own work) [CC BY-SA 3.0 (http://creativecommons.org/licenses/by-sa/3.0)], via Wikimedia Commons",,,
"minneapolis_skyline.jpg","08/01/2017","07/05/2017","Courtesy of Tony Webster under a CC 2.0 license.","Minneapolis, MN","Minneapolis, MN skyline.&nbsp;","Minneapolis"
"MUforWomen.jpg","07/05/2017","07/05/2017","Courtesy of jbroughton under a  CC 2.0  license.","Columbus, MS","The Anabellum House on the Mississippi University for Women campus in Columbus, MS.","Columbus"
"Billings_MT.jpg","07/05/2017","07/05/2017","Courtesy of Rich Herrmann under a  CC 2.0  license.","Billings, MT","The Rimrocks in Billings, MT.","Billings"
"SC_BBQ.jpg","07/05/2017","07/05/2017","Courtesy of North Charleston under a  CC 2.0  license.","Charleston, SC","Barbecue in North Charleston, SC.","Charleston"
"SC_Farms.jpg","07/10/2017","07/05/2017","Courtesy of JR P under a  CC 2.0  license.","Greenville, SC","Belted Galloway Cattle farms in South Carolina.","Greenville"
"Columbus_MS.jpg","07/05/2017","07/05/2017","Courtesy of Visit Mississippi under a  CC 2.0  license.","Columbus, MS","Tennessee Williams' home in Columbus, MS.","Columbus"
"Harlingen_TX.jpg","07/05/2017","07/05/2017","Courtesy of PINKE under a  CC 2.0  license.","Harlingen, TX","The Sanchez Mural in Harlingen, TX.","Harlingen"
"Universal_Companies.jpg","07/05/2017","07/05/2017","Courtesy of Carl R Jr. under a  CC 2.0  license.","Abingdon, VA",,"Abingdon"
"Camp_Chili.jpg","07/05/2017","07/05/2017","Courtesy of Jimmy Emerson under a  CC 2.0  license.","Cincinnati, OH","Camp Washington Chili in&nbsp;Cincinnati, OH.","Cincinnati"
"featuredog.jpg","07/05/2017","07/05/2017",,,,
"Vacaville_Vineyards.jpg","07/05/2017","07/05/2017","Courtesy of Anlace under a  CC 2.0  license.","Vacaville, CA","Sonoma Mountain Vineyard in Vacaville, CA.","Vacaville"
"SC_StayPlayLowCountry.jpg","07/05/2017","07/05/2017","Courtesy of DiscoverSouthCarolina.com","South Carolina","Low Country South Carolina.","South Carolina"
"Cheyenne_mountains_Gord McKenna_June 2013.jpg","07/05/2017","07/05/2017",,,,
"Cheyenne_UofW_University of Wyoming_July 2007.jpg","07/05/2017","07/05/2017",,,,
"Cheyenne_History_Eisenbahn museum darmstadt_may 2017.jpg","07/05/2017","07/05/2017",,,,
"Cheyenne_rodeo_algiers photography_June 2014.jpg","07/05/2017","07/05/2017",,,,
"Cheyenne_Yellowstone_JuanVidalDiaz_August 2005.jpg","07/05/2017","07/05/2017",,,,
"Cheyenne_housing_pete edgeler_december 2013.jpg","07/05/2017","07/05/2017",,,,
"Cheyenne_art_Mario Venda Nova_August 2009.jpg","07/05/2017","07/05/2017",,,,
"Cheyenne_Food_nite dan_feb 4 2012.jpg","07/05/2017","07/05/2017",,,,
"WyoSymphony.jpg","07/06/2017","07/06/2017","Courtesy of the Wyoming Symphony Orchestra","Wyoming","The&nbsp;Wyoming Symphony Orchestra.","Wyoming"
"MunsonMedicalCenter.jpg","07/06/2017","07/06/2017","Courtesy of Bruce Bodjack under a  CC 2.0  license.","Traverse City, MI","Munson Medical Center in Traverse City, MI.","Traverse City"
"3240172460_a642050e8c_z.jpg","07/06/2017","07/06/2017","Courtesy of cpb under a  CC 2.0  license.",,,"Fort Smith, AR-OK Metro Area"
"TomatoArtFest.jpg","07/06/2017","07/06/2017","Courtesy of Tomato Art Fest/Solar Cabin Studios","Nashville, TN","The Tomato Art Festival in Nashville, TN.","Nashville"
"tech_stock.jpg","07/06/2017","07/06/2017","Stock","Technology in Business","Technology in business",
"USSLexington.jpg","07/06/2017","07/06/2017","Courtesy of imelda under a  CC 2.0  license.","Corpus Christi, TX","The USS Lexington in Corpus Christi, TX.","Corpus Christi"
"Cheyenne_Final.jpg","07/06/2017","07/06/2017",,,,
"MackinacIsland_MI.jpg","07/06/2017","07/06/2017","Courtesy of Gregory Bozik Photography under a  CC 2.0  license.","Mackinac Island, MI","Mackinac Island in Michigan","Mackinac Island"
"Lynsey_BW.jpg","07/06/2017","07/06/2017",,,,
"Cheyenne_Final.jpg","07/07/2017","07/06/2017","Courtesy of Gord McKenna under a CC 2.0 license.",,,
"Arizona_Kerry_Randolph_2006.jpg","07/10/2017","07/06/2017","Courtesy of Gord McKenna under a  CC 2.0  license.","Arizona",,"Arizona"
"New Orleans LA.jpg","07/06/2017","07/06/2017","Courtesy of Lars Plougmann under a  CC 2.0  license.","New Orleans, LA",,"New Orleans"
"Seaworthy_New Orleans Convention and Visitors Bureau.jpg","07/31/2017","07/06/2017","New Orleans Convention and Visitors Bureau","New Orleans, LA","Seaworthy in New Orleans, LA","New Orleans"
"Arizona_State Fair_Andrew_Petro_2006.jpg","07/10/2017","07/06/2017","Courtesy of Andrew Petro under a  CC 2.0  license.","Arizona",,"Arizona"
"Arizona_Retirement_Ken_LUndh_2014.jpg","07/10/2017","07/06/2017","Courtesy of Ken Lundh under a  CC 2.0  license.","Arizona",,"Arizona"
"Arizona_Golf_Jay_Thompson.jpg","07/10/2017","07/06/2017","Courtesy of Jay Thompson under a  CC 2.0  license.","Arizona",,"Arizona"
"Arizona_Food_Unknown_net_photography_2014.jpg","07/10/2017","07/06/2017","Courtesy of Unknown Net under a  CC 2.0  license.","Arizona",,"Arizona"
"Arizona_Housing_Kevin_Dooley_2009.jpg","07/10/2017","07/06/2017","Courtesy of Kevin Dooley  under a  CC 2.0  license.","Arizona",,"Arizona"
"Arizona_Weather_Julien_Haler_2009.jpg","07/10/2017","07/06/2017","Courtesy of Julien Haler  under a  CC 2.0  license.","Arizona",,"Arizona"
"Cheyenne_New_Landon_Mountains.jpg","07/06/2017","07/06/2017",,,,
"cheyenne_new_khrawlings.jpg","07/06/2017","07/06/2017",,,,
"Cheyenne_New_Graffiti Art.jpg","07/06/2017","07/06/2017",,,,
"Cheyenne_UofW_University of Wyoming_July 2007.jpg","07/06/2017","07/06/2017",,,,
"Cheyenne_History_Eisenbahn museum darmstadt_may 2017.jpg","07/06/2017","07/06/2017",,,,
"Cheyenne_rodeo_algiers photography_June 2014.jpg","07/06/2017","07/06/2017",,,,
"Cheyenne_Yellowstone_JuanVidalDiaz_August 2005.jpg","07/06/2017","07/06/2017",,,,
"Cheyenne_Food_nite dan_feb 4 2012.jpg","07/06/2017","07/06/2017",,,,
"Shakopee.png","07/07/2017","07/07/2017",,,,
"image001 (2).jpg","07/07/2017","07/07/2017",,,,
"2015 EC SUN logo.pub_.jpg","07/07/2017","07/07/2017",,,,
"Logo_IdahoFalls.png","07/07/2017","07/07/2017",,,,
"TEDG17v25W.jpg","08/29/2017","07/07/2017",,,,
"TN ecd logo-blue.png","07/07/2017","07/07/2017",,,,
"SouthCarolinaCommerce17v7W.jpg","08/29/2017","07/07/2017",,,,
"LIVMEDIA_RGB_outlined.png","08/25/2017","07/07/2017",,,,
"Illinois17v5W.jpg","08/31/2017","07/07/2017",,,,
"DCEO_Logo_Color.jpg","07/07/2017","07/07/2017",,,,
"3161005GE3469_0.jpg","07/07/2017","07/07/2017","Greg Emens","Lane College in Jackson, TN",,"Jackson"
"Minneapolis MN.jpg","07/08/2017","07/08/2017","Courtesy of Dustin Gaffke under a  CC 2.0  license.","Minneapolis, MN",,"Minneapolis"
"Downtown Minneapolis MN.jpg","07/08/2017","07/08/2017","Courtesy of m01229 under a  CC 2.0  license.","Downtown Minneapolis, MN",,"Minneapolis"
"Alexandria_VA_church.jpg","07/10/2017","07/10/2017","Courtesy of Geoff Livingston under a  CC 2.0  license.","Alexandria, VA","Christ Church in Alexandria, VA.","Alexandria"
"1040714BM5588.jpg","07/10/2017","07/10/2017","Brian McCord","Oak Ridge National Laboratory","Located a few miles down the road from Oak Ridge National Laboratory (ORNL), the National Transportation Research Center (NTRC) houses several highly-sophisticated, experimental ORNL research laboratories that constitute the Department of Energy's (DOE) National Transportation Research Center User Facility (NTRC).","Tennessee"
"10421SUB005.jpg","07/10/2017","07/10/2017","Photo courtesy of St. Jude Children's Research Hospital","St. Jude Children's Research Hospital",,"Tennessee"
"IGCC17v16W.jpg","08/30/2017","07/10/2017",,,,
"AustinTX_Music.jpg","07/10/2017","07/10/2017","Courtesy of Thomas Hawk under a  CC 2.0  license.","Austin, TX","Young the Giant performs in Austin, TX.","Austin"
"1040413MJC0347.jpg","07/30/2017","07/10/2017","Michael Conti",,"A lab technician runs a test at GTx in Memphis, Tennessee, Shelby County.","Tennessee"
"Omaha_NE.jpg","07/10/2017","07/10/2017","Courtesy of Bradley Weber under a  CC 2.0  license.","Omaha, NE","The Omaha, NE skyline at night.","Omaha"
"1040710AB7208.jpg","07/10/2017","07/10/2017","Antony Boshier",,,"Tennessee"
"7841016TBFRE004.jpg","07/10/2017","07/10/2017","Travis Bell","South Carolina","South Carolina has a variety of programs geared at helping students, talent and individuals navigate their way through the area's workforce options.&nbsp;Director Patrick McMillan and intern Caleb Barnes collect seed pods from a hibiscus plant at The South Carolina Botanical Garden in Clemson, S.C. Barnes, a senior at Easley (SC) High School, &nbsp;is part of the apprenticeship program at the gardens.","South Carolina"
"TheSouth.jpg","07/10/2017","07/10/2017","Courtesy of Michael McCarthy under a  CC 2.0  license.","The South","Oak Alley Plantation in Louisiana.&nbsp;","Louisiana"
"iStock_70183387_XXXLARGE.jpg","07/10/2017","07/10/2017","courtesy of stock: John_Brueske","Duluth MN","Duluth MN Lift Bridge Fireworks&nbsp;","Minnesota"
"8290715MDT6010_0.jpg","07/10/2017","07/10/2017","Michael D. Tedesco","Mayo Clinic.","This statue depicts Dr. Charles Horace Mayo (left)and Dr. William Worrall Mayo sitting together. It is located in Statuary Park across Third Avenue S.W. from the Gonda Building.","Minnesota"
"data-660x400.jpg","07/10/2017","07/10/2017","iStock",,,
"clean-tech-660x400.jpg","07/10/2017","07/10/2017","Courtesy of Ecolab","Ecolab",,"Minnesota"
"WitchitaStateU.jpg","07/10/2017","07/10/2017","Courtesy of Kazenogakusei under a","Wichita, KS","Hubbard Hall at&nbsp;Wichita State University.","Wichita"
"SanAngelo_TX.jpg","07/10/2017","07/10/2017","Courtesy of Diann Bayes under a  CC 2.0  license.","San Angelo, TX","Fort Concho in San Angelo, TX.","San Angelo"
"82902SUB089.jpg","07/10/2017","07/10/2017","Carlson School",,"Carson School of Management","Minnesota"
"DragBoatRaces.jpg","07/10/2017","07/10/2017","Courtesy of Adam Johnson under a  CC 2.0  license.","San Angelo, TX","Drag boat race in San Angelo, TX.","San Angelo"
"82902SUB010.jpg","07/10/2017","07/10/2017","Patrick O'Leary","Minnesota","University of Minnesota","Minnesota"
"Ffooter-Shutterstockcom-62461441.jpg","07/10/2017","07/10/2017","Frank Romeo / Shutterstock.com","Minnesota","MINNEAPOLIS - APRIL 22: Brand new Target Field, home of the Minnesota Twins, a ballpark that returns outdoor baseball to the city, on April 22, 2010 in Minneapolis, Minnesota.","Minnesota"
"8290616SWFRE177.jpg","07/10/2017","07/10/2017","Steve Wolf","Minnesota",,"Minnesota"
"82902SUB065.jpg","07/10/2017","07/10/2017","CT Ryan Photography, Copyright 2010",,"Minnesota has a workforce advantage due to consistently high productivity rates, labor participation rates that are well above the national average and standout educational attainment rates.","Minnesota"
"82902SUB036.jpg","07/10/2017","07/10/2017","Courtesy of the Mayo Clinic","Minnesota Top Industries","Mayo Clinic is making new discoveries across every spectrum of medicine, and its vast clinical trials programs give state residents access to cutting-edge treatments.",
"Guinness.jpg","07/10/2017","07/10/2017","Courtesy of Kacper Gunia under a  CC 2.0  license.","Guiness","Guinness is a staple at Irish pub O'Bannon in College Station, TX.","College Station"
"82902SUB136.jpg","07/10/2017","07/10/2017","ALLINA HOSPITALS & CLINICS",,,
"8040113JWA2429.jpg","07/10/2017","07/10/2017","Staff Photo","Minnesota Top Employers","The corporate headquarters for State Farm Insurance light up at dusk in Bloomington, Illinois.","Minnesota"
"8290715MDT6785.jpg","07/10/2017","07/10/2017","Michael D. Tedesco",,,"Minnesota"
"ComoParkZoo.jpg","07/10/2017","07/10/2017","Courtesy of Kent Kanouse under a  CC 2.0  license.","St. Paul, MN","Como Park Zoo &amp; Conservatory in St. Paul, MN.","St. Paul"
"7940912THB0123.jpg","07/17/2017","07/10/2017","Staff Photo","Greenville, NC: Duke Energy",,"Greenville"
"adv-mfg-660x400.jpg","07/10/2017","07/10/2017","2016 Steve Woit",,,"Minnesota"
"7841013BM9730.jpg","07/10/2017","07/10/2017","Brian McCord","South Carolina","City Roots Urban Farm in Columbia includes a 2.75 acre farm that grows 125 varieties of fruits and vegetables, keeps bees to make honey and raises chickens for eggs.","South Carolina"
"78407SUB179.jpg","07/10/2017","07/10/2017","Courtesy of Mercedes-Benz","Mercedes-Benz","Sprinter on Plant Floor","South Carolina"
"7841016MSFRE062.jpg","07/10/2017","07/10/2017","Mic Smith","he Harbor Entrepreneur Center","Jackie McKelvey, front right, with The Harbor Entrepreneur Center holds a meeting with Arianna Megaro, at left front, Betsy Henderson, left back, Rebecca Schick, back right, and Chris Riffle, center right, inside their office at The Harbor Entrepreneur Center, in downtown Charleston, S.C. McKelvey is the only full-time employee with Harbor Entrepreneur. Her title is T.O.W.G.I.D. It stands for The One Who Gets It Done. &nbsp;Photo by Mic Smith.","South Carolina"
"7840711THB02811.jpg","07/10/2017","07/10/2017","Todd Bennett",,,
"zParthenon.jpg","07/11/2017","07/11/2017",,,,
"zGraceland.jpg","07/11/2017","07/11/2017",,,,
"zCountryMusicHallofFame.jpg","07/11/2017","07/11/2017",,,,
"zLookout Mountain.jpg","07/11/2017","07/11/2017",,,,
"zNatchezTrace.jpg","07/11/2017","07/11/2017",,,,
"Leipers Fork.jpg","05/10/2018","07/11/2017","Courtesy of  QuesterMark under a  CC 2.0  license.","Leiper's Fork",,"Tennessee"
"zBell Buckle.jpg","05/10/2018","07/11/2017",,"Bell Buckle TN",,"Bell Buckle"
"zCollierville.jpg","05/10/2018","07/11/2017","Courtesy of  Brent Moore  under a  CC 2.0  license.","Collierville TN",,"Collierville"
"zDyersburg.jpg","07/11/2017","07/11/2017",,"Tennessee Day Trips",,
"zPigeonForge.jpg","07/11/2017","07/11/2017",,,,
"zJohnson City.jpg","07/11/2017","07/11/2017",,,,
"zTennesseeTheater.jpg","07/11/2017","07/11/2017",,"Reasons to Move to Tennessee",,"Tennessee"
"zTennesseeWater.jpg","07/11/2017","07/11/2017",,,,
"zTennesseemusic.jpg","07/11/2017","07/11/2017",,,,
"zSmokyMountains.jpg","07/11/2017","07/11/2017",,,,
"zTennesseeJobs.jpg","07/11/2017","07/11/2017",,,,
"Belmont University.jpg","07/11/2017","07/11/2017",,,,
"zVUMC.jpg","07/11/2017","07/11/2017",,,,
"zRendezvousBBQ.jpg","07/11/2017","07/11/2017",,"Reasons to Move to Tennessee",,
"zHousing.jpg","07/11/2017","07/11/2017",,,,
"zNeylandStadium.jpg","08/07/2017","07/11/2017",,"Tennessee",,
"zSweetTea.jpg","07/11/2017","07/11/2017","Courtesy of Jill Wellington under a  CC 2.0  license.","Things to Know Before Moving to Tennessee",,
"zYall.jpg","07/11/2017","07/11/2017",,,,
"zBiscuits.jpg","07/11/2017","07/11/2017","Courtesy of Vickie McCarty under a  CC 2.0  license.","Things to Know Before Moving to Tennessee",,
"zMemphis.jpg","07/11/2017","07/11/2017",,,,
"zUTVols.jpg","07/11/2017","07/11/2017",,"Things to Know Before Moving to Tennessee",,
"zChurch.jpg","07/11/2017","07/11/2017",,,,
"7840712THB0348_1.jpg","07/11/2017","07/11/2017","Todd Bennett","Medical University of South Carolina","Researchers work in a DNA sequencing lab at Medical University of South Carolina in Charleston, SC. Medical University of South Carolina's world-class research is helping the region become a globally known location for biomedical business and talent.","Charleston"
"JCIstock0511AB3083.jpg","07/11/2017","07/11/2017","Staff Photo",,,
"7840711THB0848_.jpg","07/11/2017","07/11/2017","Todd Bennett","Greenville Technical College in Greenville, SC.","A student paints the front end a car at the McKinney Regional Automotive Training Center at Greenville Technical College in Greenville, SC. A major component of South Carolina's success in attracting new investment, promoting existing business expansion and creating jobs is its strong commitment to workforce development and training. A key cog in those efforts is the readySC program, offered through the 16 members of the South Carolina Technical College System. The colleges work to devise tailored training programs to meet a company’s workforce requirements.","Greenville"
"Lake Pepin1.jpg","07/11/2017","07/11/2017","Courtesy of MPCA Photos under a  CC 2.0  license.","Lake Pepin in Red Wing, MN",,"Red Wing"
"IllinoisWorkforceArrow2-660x400.jpg","07/11/2017","07/11/2017","Staff Illustration","Illinois Workforce",,
"8041114BM5092.jpg","07/11/2017","07/11/2017","Brian McCord","Bradley University.","Director of Fermentation Michael, Rachine, Ph.D working in the lab at ZuChem, Inc. located inside the Peoria NEXT Innovation Center at Bradley University.","Illinois"
"IL_BBQ.jpg","07/11/2017","07/11/2017","Courtesy of Calgary Reviews under a  CC 2.0  license.","Illinois Barbecue",,"Illinois"
"Aurora_IL.jpg","07/11/2017","07/11/2017","Courtesy of Center for Neighborhood Technology under a  CC 2.0  license.","Aurora, IL","Downtown Aurora, IL.","Aurora"
"78407SUB184.jpg","07/11/2017","07/11/2017","Chris M. Rogers","South Carolina","South Carolina’s Upstate region is home to some of the Palmetto State’s most challenging and scenic golf courses. Don't miss out on these five unique golf destinations!","South Carolina"
"iStock-508349832.jpg","07/11/2017","07/11/2017","solarseven/istock","South Carolina Life Sciences",,
"7841016MSFRE067.jpg","07/11/2017","07/11/2017","Mic Smith","Illinois Workforce","Jackie McKelvey, front right, with The Harbor Entrepreneur Center holds a meeting with Arianna Megaro, at left front, Betsy Henderson, left back, Rebecca Schick, back right, and Chris Riffle, center right, inside their office at The Harbor Entrepreneur Center, in downtown Charleston, S.C. McKelvey is the only full-time employee with Harbor Entrepreneur. Her title is T.O.W.G.I.D. It stands for The One Who Gets It Done.&nbsp;",
"AuroraIL_Zoo.jpg","07/11/2017","07/11/2017","Courtesy of Michael Kappel under a  CC 2.0  license.","Aurora, IL","Phillips Park Zoo in Aurora, IL.","Aurora"
"6470605AJB6866.jpg","07/11/2017","07/11/2017","Staff Photo","Illinois Workforce Development","Training at CSL Behring: The company works locally with Kankakee Community College to keep its employees ahead of the curve through training programs for supervisors and managers.",
"8041114MDT6064.jpg","07/30/2017","07/11/2017","Michael D. Tedesco","Illinois Workforce Development","Rock Valley Aviation Technology program, 6349 Falcon Road, Rockford, IL. (L to R) Instructor Ken Morris giving a lesson on a Pratt &amp; Whitney R985 engine to students Tyler Thomason, Trevor Glen and Lindsey Bloodworth.","Illinois"
"iStock-618341764.jpg","07/11/2017","07/11/2017","pidjoe/istock","Illinois Molecular Engineering",,
"8040113JWA9648.jpg","07/11/2017","07/11/2017","Jeff Adkins","Chicago, Illinois","A new 14-story tower recently opened at Rush University Medical Center in downtown Chicago, Illinois. The new hospital features an emergency room with a decontamination center, including decontamination showers and an enclosed ambulance bay for potentially contaminated patients which makes Rush the only bioterrorism preparedness center in the nation.","Illinois"
"8040113JWA1785.jpg","07/11/2017","07/11/2017","Jeff Adkins","Astellas corporate headquarters","Astellas corporate headquarters for the Americas, which consists of two new seven-story buildings, lights up at dusk in Northbrook, Illinois. The pharmaceutical company moved its 1,000 employees into the buildings and the company plans to create 150 additional high-tech jobs.","Illinois"
"8040113JWA1529.jpg","07/30/2017","07/11/2017","Jeff Adkins",,"Astellas corporate headquarters for the Americas, which consists of two new seven-story buildings, lights up at dusk in Northbrook, Illinois. The pharmaceutical company moved its 1,000 employees into the buildings and the company plans to create 150 additional high-tech jobs.",
"8040317JWA6629.jpg","07/30/2017","07/11/2017","Jeff Adkins","Illinois Workforce","Students learn machining skills while using new Clausing CNC Vertical Knee Mills and lathes at the Advanced Technology Center at Danville Area Community College in Danville, Illinois.","Illinois"
"8040113JWA7973.jpg","07/11/2017","07/11/2017","Jeff Adkins",,,"Illinois"
"6020614BM2195.jpg","07/30/2017","07/11/2017","Brian McCord","Greenville, NC Entrepreneurship",,"Greenville"
"83402SUB010.jpg","07/11/2017","07/11/2017","Cpl. N.W. Huertas","Jacksonville, NC Top Employers","MARINE CORPS BASE CAMP LEJEUNE, N.C. Air Station Cherry Point","Jacksonville"
"20207ARCHED138C.jpg","07/11/2017","07/11/2017","Staff Photo","Winston Salem NC Top Employers",,"Winston-Salem"
"8361216RJFRE193.jpg","07/11/2017","07/11/2017","Staff Photo","Rushville IN","Rushville is a city in Rushville Township, Rush County, Indiana, United States. The population was 6,341 at the 2010 census. The city is the county seat of Rush County.[3] It was the campaign headquarters for Wendell Willkie's 1940 presidential campaign against Franklin D. Roosevelt. Willkie is buried in the city's East Hill Cemetery. It, like the county, was named in honor of Dr. Benjamin Rush, who signed the Declaration of Independence","Rushville"
"80404SUB020.jpg","07/11/2017","07/11/2017","Courtesy of The Chicago Film Office",,"Film Office: Filming from the television series EMPIRE, filmed in Chicago","Illinois"
"Anderson_IN.jpg","07/11/2017","07/11/2017","Courtesy of Mark Moschell under a  CC 2.0  license.","Anderson, IN","The White River in Anderson, IN.","Anderson"
"Annapolis_MD.jpg","08/02/2017","07/11/2017","Courtesy of Michael Foley under a  CC 2.0  license.","Annapolis, MD","The harbor in Annapolis, MD.","Annapolis"
"80403SUB008_0.jpg","07/11/2017","07/11/2017","Courtesy of Carbondale Tourism ","Carbondale Tourism ",,"Carbondale"
"Alabama-City-Huntsville-Urban-Cities-Skyline-1616869.jpg","07/11/2017","07/11/2017","Courtesy of Max Pixel/a> under a",,,"Huntsville"
"1520611JWA5823.jpg","07/30/2017","07/11/2017","Jeff Adkins","Bloomington IN","Indiana University","Bloomington"
"CarleFoundationHospital.jpg","07/11/2017","07/11/2017","Courtesy of Taylor Studios, Inc. under a","Champaign, IL","The Carle Foundation&nbsp;Hospital in Champaign, IL.","Champaign"
"1491008IC_0102.jpg","07/12/2017","07/11/2017","Ian Curcio","Rockford IL","Haight Village is a residential neighborhood listed on the National Register of Historic Places in Rockville IL.",
"80404SUB033.jpg","07/11/2017","07/11/2017","Courtesy of Boeing","Boeing Chicago IL","Boeing is the world's leading aerospace company and the largest manufacturer of commercial jetliners and military aircraft combined.","Illinois"
"8040113JWA0005.jpg","07/30/2017","07/11/2017","Jeff Adkins","Millenium Park Chicago IL","Visitors enjoy playing in the reflections of the Cloud Gate sculpture in Millenium Park in downtown Chicago, Illinois. Cloud gate was created by artist &nbsp;Anish Kapoor.","Chicago"
"1490810BM8225.jpg","07/30/2017","07/11/2017","Brian McCord","Illinois State Fair","Illinois State Fair in Springfield has rides and attractions, concerts, horse racing and other family-friendly activities.","Illinois"
"1490411AB0676.jpg","08/01/2017","07/11/2017","Antony Boshier","Galena IL","A couple is waited on by a server at Fritz and Frites which serves French and German cuisine it is rated as the No. 1 restaurant in Galena by Trip Advisor. &nbsp;Downtown Galena is has lots of shop, galleries and restaurants. Galena is a historic town located in the North West corner of Illinois.","Galena"
"1490814JWA1964.jpg","07/30/2017","07/11/2017","Jeff Adkins","Litchfield IL","Neon signs on the front of The Ariston Cafe light up at dusk along Historic Route 66 in Litchfield, Illinois.","Illinois"
"GCMC_Main_Lobby_South.jpg","07/11/2017","07/11/2017","Courtesy of KHSS under a  CC 2.0  license.","Panama City, FL","The Gulf Coast Medical Center in Panama City, FL.","Panama City"
"CumberlandFalls_KY.jpg","07/11/2017","07/11/2017","Courtesy of Frank Kehren under a  CC 2.0  license.","Somerset, KY","Cumberland Falls just outside of Somerset, KY.","Somerset"
"Somerset_KY.jpg","07/11/2017","07/11/2017","Courtesy of Erik Gustafson under a  CC 2.0  license.","Somerset, KY","The Daniel Boone National Forest in Somerset, KY.","Somerset"
"Minneapolis MN.jpg","07/11/2017","07/11/2017","Courtesy of Matthew Paulson under a  CC 2.0  license.","Minneapolis, MN",,"Minneapolis"
"3200212JWA0324.jpg","07/12/2017","07/12/2017","Jeff Adkins","Illinois Biotechnology",,
"8041114MDT6176.jpg","07/12/2017","07/12/2017","Michael D. Tedesco","Chicago IL","Chicago Rockford International Airport, 2 Airport Circle, Rockford, IL. Planes at the UPS HUB.","Illinois"
"6470409THB7560.jpg","07/12/2017","07/12/2017","Todd Bennett","Illinois Wind Energy","A wind turbine on the roof of the Technology Building at Kankakee Community College in Kankakee, IL. The college’s new Sustainability Center offers electronic information and publications related to energy conservation, energy efficiency and renewable energy solutions.&nbsp;",
"83002SUB059.jpg","07/12/2017","07/12/2017","LINDSEY A JANIES",,"Sasol Chemicals, Wash tower for ethylene oxide (EO) unit.","Lake Charles"
"1560612THB2272.jpg","07/12/2017","07/12/2017","Todd Bennett","Illinois Agriculture","Rapp family farm in Princeton IL","Illinois"
"8040113JWA2950.jpg","07/12/2017","07/12/2017","Staff Photo","Illinois Universities","Research engineer Wei Zhu works in the lab of the Dioxide Materials company at EnterpriseWorks incubator at the Research Park at the University of Illinois at Urbana-Champaign. Enterpriseworks, owned and operated the university.",
"FoodTruck_SaltLakeCity.jpg","07/12/2017","07/12/2017","Courtesy of Yelp Inc. under a  CC 2.0  license.","Salt Lake City, UT","Cupbop,&nbsp;a Korean barbecue food truck in Salt Lake City, UT.","Salt Lake City"
"79106SUB047.jpg","07/17/2017","07/12/2017","Courtesy of NC Ports","Wilmington NC Port",,"Wilmington"
"7910412THB0787.jpg","07/12/2017","07/12/2017","Todd Bennett","Greenville NC","People walk along Evans Street in downtown Greenville, NC, during Pirate Fest.","Greenville"
"2020613JWA1147.jpg","07/12/2017","07/12/2017","Jeff Adkins","North Carolina History","Visitors check out a reproduction of the 1903 Wright Flyer in the visitors center at the Wright Brothers Memorial in Kill Devil Hills, North Carolina.","Kill Devil Hills"
"7910412THB0264.jpg","07/12/2017","07/12/2017","Staff Photo","Greenville NC","ECU’s Brody School of Medicine in Greenville, NC","Greenville"
"1040714BM5095.jpg","07/12/2017","07/12/2017","Staff Photo","Tennessee Tourism","Old Smoky Tennessee Moonshine in Gatlinburg, TN.","Gatlinburg"
"106FAL15SUB015.jpg","07/12/2017","07/12/2017","Billie Wheeler","Bristol TN","Bristol Rhythm and Roots Reunion","Bristol"
"8300815JWA3036.jpg","07/12/2017","07/12/2017","Jeff Adkins",,"Several ports are located in the Lake Charles area of Louisiana.","Lake Charles"
"106SU06ARCHE1011R.jpg","07/12/2017","07/12/2017","Staff Photo","Retire in Tennessee","Unicoi, TN sunset",
"10408167144MDT.jpg","07/12/2017","07/12/2017","Michael D. Tedesco","Knoxville Entrepreneur Center","Knoxville Entrepreneur Center is a business accelerator located in Market Square that serves as the front door for entrepreneurs in the region, and a resource for anyone looking to start or grow a business in Knoxville. They nurture and support a culture of entrepreneurship, they are foster innovation, creativity and job growth within the community.","Tennessee"
"3010313FO8816.jpg","07/30/2017","07/12/2017","Frank Ordoñez","Murfreesboro TN","Rutherford County TN is on the lead lap in developing a workforce with the skills needed to meet the growing demand &nbsp;for technical jobs in manufacturing and other sectors. A major initiative between tire company Bridgestone, Motlow State Community College and local schools is creating new pathways for students to receive certificate and associate degrees in mechanics.","Murfreesboro"
"1040716JSO7295.jpg","08/01/2017","07/12/2017","Jeffrey S. Otto","Beretta in Gallatin, TN","Beretta in Gallatin, TN has begun production in their newly opened facility. The gun maker is currently producing the M9A3 handgun in the facility.","Tennessee"
"78423SUB002.jpg","07/12/2017","07/12/2017","Rick Goodfriend","Arnold Engineering Development Center in Tullahoma","Arnold Engineering Development Center in Tullahoma","Tennessee"
"WineStock.jpg","07/12/2017","07/12/2017","iStock","Wine","Clicking glasses of wine.",
"3010313FO0151.jpg","07/30/2017","07/12/2017","Frank Ordoñez","MTSU","An integral component of the economic success of life vitality of Rutherford County is MTSU has grown into a higher education powerhouse &nbsp;with enrollment of more than 25,00 students.","Murfreesboro"
"8160116JWA9907.jpg","07/12/2017","07/12/2017","Staff Photo","Chattanooga TN","Students build Apple Macintosh work stations for fellow students in the ""fab lab"" as part of a class assignment at STEM School Chattanooga in Chattanooga, Tennessee.",
"3220313WJO0962.jpg","07/12/2017","07/12/2017","Staff Photo","LaVergne TN","In a collaboration with Bridgestone tire company, students from Motlow State Community College participate in a cutting-edge, multi-disciplinary process known as Mechatronics, and get to train on site at the Bridgestone plant.",
"1040610AB6995.jpg","08/01/2017","07/12/2017","Antony Boshier","Clarksville TN","The Browning Administration Building on Austin Peay University campus in Clarksville, TN.","Clarksville"
"3060417JWA7287.jpg","07/12/2017","07/12/2017",,"Monroe Carell Jr. Children’s Hospital Vanderbilt at Williamson Medical Center","Medical staff work with technology on a patient care floor at Monroe Carell Jr. Children’s Hospital Vanderbilt at Williamson Medical Center in Franklin, Tennessee",
"FrankLiskePark.jpg","07/12/2017","07/12/2017","Courtesy of Matt Fletcher under a  CC 2.0  license.","Concord, NC","Frank Liske Park in Concord, NC.","Concord"
"Ellicott_City_MD.jpg","07/12/2017","07/12/2017","Courtesy of Scott218 under a  CC 2.0  license.","Ellicott City, MD","Downtown Ellicott City, MD.","Ellicott City"
"8160117JWA1105.jpg","07/12/2017","07/12/2017","Staff Photo","Chattanooga TN","The Tomorrow Building lights up at dusk in downtown Chattanooga, Tennessee. The building is the first co-living building in the Innovation District of Chattanooga.","Chattanooga"
"83201SUB079.jpg","07/12/2017","07/12/2017","Courtesy of Northeast Alabama Community College","Rainsville AL","The new Math, Science, and Engineering Technology Center on NACC campus","Rainsville"
"83202SUB129.jpg","07/12/2017","07/12/2017","Volkswagen/Jackson Riley Parker","Chattanooga TN","Volkswagen Chattanooga","Chattanooga"
"83201SUB006.jpg","07/12/2017","07/12/2017","Courtesy of Chattanooga Metropolitan Airport Authority","Chattanooga TN","Chattanooga Metropolitan Airport Authority newly renovated building","Chattanooga"
"83202SUB055.jpg","07/12/2017","07/12/2017","Jack Parker","Chattanooga TN","Erlanger Health System - Greta Dr. H EED",
"7880213BM8217.jpg","07/30/2017","07/12/2017","Brian McCord","Dalton GA","Downtown Dalton, Georgia at dusk.","Dalton"
"83202SUB004.jpg","07/12/2017","07/12/2017","Blue Cross Blue Shield/Alex McMahan Photography","Chattanooga TN","The new Blue Cross Blue Shield building and campus in Chattanooga, TN.",
"83202SUB093.jpg","07/12/2017","07/12/2017","Courtesy of Riverbend Festival","Chattanooga TN","Riverbend Festival fireworks - Chattanooga TN","Chattanooga"
"Holualoa_HI01.jpg","07/12/2017","07/12/2017","Courtesy of Scott Schiller under a  CC 2.0  license.","Holualoa, HI","The beach in Holualoa, HI.","Holualoa"
"832011216JWA110.jpg","08/07/2017","07/12/2017","Jeff Adkins","Chattanooga TN","Students build, program and test robots during class at STEM School Chattanooga in Chattanooga, Tennessee.","Chattanooga"
"8320117JWA2405.jpg","08/07/2017","07/12/2017","Jeff Adkins","Chattanooga TN","Keith Campbell, President and CEO of 3D Ops, sits in his office while holding a 3D printed brain model in the company's headquarters in Chattanooga, Tennessee.","Chattanooga"
"Red_Lodge_MT.jpg","07/12/2017","07/12/2017","Courtesy of Yellowstone Country Montana","Red Lodge, MT","Downtown Red Lodge, MT.","Red Lodge"
"83202SUB113.jpg","07/12/2017","07/12/2017","Courtesy of TVA","Chattanooga TN","Tennessee Valley Authority (TVA) Chattanooga","Chattanooga"
"Dickinson_ND.jpg","07/12/2017","07/12/2017","Courtesy of Dickinson Convention & Visitors Bureau","Dickinson, ND","Art in Dickinson, ND.","Dickinson"
"83201SUB040.jpg","07/12/2017","07/12/2017","Jack Parker","Chattanooga TN","Erlanger Health System Chattanooga TN","Chattanooga"
"7011208IC0004large.jpg","07/12/2017","07/12/2017","Staff Photo","Chattanooga TN","Tennessee Aquarium on the Chattanooga Riverfront.","Chattanooga"
,"06/15/2018","07/13/2017",,"Rutherford County, TN Digital Magazine",,"Murfreesboro"
"ShenandoahNationalForest.jpg","07/13/2017","07/13/2017","Courtesy of Lukas Schlagenhauf under a  CC 2.0  license.","Charlottesville, VA","Shenandoah National Forest is partially located in Charlottesville, VA.","Charlottesville"
"ChattanoogaEDG17v2W.jpg","07/13/2017","07/13/2017",,,,
"ChapelHill_NC.jpg","07/13/2017","07/13/2017","Courtesy of Michael Zulauf under a  CC 2.0  license.","Chapel Hill, NC","Carolina Square in Chapel Hill, NC.","Chapel Hill"
"6331614SUB006.jpg","07/13/2017","07/13/2017","Courtesy of John Warner","Asheville, NC","The&nbsp;Osher Lifelong Learning Institute in Asheville, NC","Asheville"
"6331006AB6002.jpg","07/13/2017","07/13/2017","Antony Boshier","Asheville, NC","Fishing in Asheville, NC","Asheville"
