"name","post_modified","post_date","byline","alt_text","description","place_name"
"1050219NL0276.jpg","10/04/2019","10/04/2019","Nathan Lambrecht","Nashville, TN International Airport",,"Nashville"
"1050219NL0097 (1).jpg","10/04/2019","10/04/2019","Nathan Lambrecht","Nashville, TN International Airport",,"Nashville"
"ManhattanKSKansasStateCampus.jpg","10/07/2019","10/07/2019","Photo Courtesy of Manhattan Convention and Visitors Bureau","Manhattan KS",,"Manhattan"
"FaribanksAKMorrisThompsonCulturalCenter.jpg","10/07/2019","10/07/2019","Photo by Angie Cerny/Explore Fairbanks","Fairbanks AK",,"Fairbanks"
"CorvallisOROSUBuilding.jpg","10/07/2019","10/07/2019","Courtesy of Gregkeene under a  CC 2.0  license.","Corvallis OR",,"Corvallis"
"amestest.jpg","10/08/2019","10/08/2019",,"10 Best College Towns 2019",,
"GreenvilleNCDowntown_2.jpg","10/09/2019","10/09/2019",,,,
"IthacaMainBadge1.jpg","10/09/2019","10/09/2019",,"2019 10 Best College Towns",,
"SacramentoCAStateRailroadMuseum.jpg","10/10/2019","10/10/2019","Courtesy California State Railroad Museum","Sacramento CA",,"Sacramento"
"SacramentoCaPark.jpg","10/10/2019","10/10/2019","iStock/Andrei Stanescu","Sacramento CA",,"Sacramento"
"SacramentoCACrocker.jpg","10/10/2019","10/10/2019","iStock/Andrei Stanescu","Sacramento CA",,"Sacramento"
"SacramentoCACrockerGoldenHour.jpg","10/11/2019","10/11/2019","Crocker Art Museum/Brian Suhr","Sacramento CA",,"Sacramento"
"LaPaz-10 (1) copy.jpg","10/11/2019","10/11/2019","La Paz","Chattanooga, TN Attractions",,"Chattanooga"
"2010718JWA4765.jpg","10/11/2019","10/11/2019","Jeff Adkins","Chattanooga, TN Museums",,"Chattanooga"
"LaPaz.jpg","10/11/2019","10/11/2019","La Paz","Chattanooga, TN Attractions",,"Chattanooga"
"iStock-1007834950.jpg","10/14/2019","10/14/2019","iStock.com/Kruck20","Chattanooga, TN Downtown",,"Chattanooga"
"8320419SUB067.jpg","10/14/2019","10/14/2019","Courtesy of Volkswagen","Chattanooga, TN: Volkswagen",,"Chattanooga"
"83202SUB004.jpg","10/14/2019","10/14/2019","BlueCross BlueShield/Alex McMa","Chattanooga, TN: BlueCross BlueShield",,"Chattanooga"
"LTDBrittanyA2.jpg","10/14/2019","10/14/2019","Photo Courtesy of Brittany Anas","Living the Dream",,
"LTDBrittanyA1.jpg","10/14/2019","10/14/2019","Photo Courtesy of Brittany Anas","Living the Dream",,
"8320419SUB009.jpg","10/14/2019","10/14/2019","Believe Greater Dalton","Greater Chattanooga, TN Entrepreneurs",,"Chattanooga"
"8320419JWA3414.jpg","10/14/2019","10/14/2019","Jeff Adkins","Chattanooga, TN Entrepreneurs",,"Chattanooga"
"8320419JWA8318.jpg","10/14/2019","10/14/2019","Jeff Adkins","Chattanooga, TN: CO.LAB",,"Chattanooga"
"8320419JWA3321cutoutNEW.jpg","10/15/2019","10/15/2019","Jeff Adkins","Chattanooga, TN Entrepreneurs",,"Chattanooga"
"8320419JWA3083.jpg","10/15/2019","10/15/2019","Jeff Adkins","Chattanooga, TN Brewing Companies",,"Chattanooga"
"8320419JWA1438.jpg","10/15/2019","10/15/2019","Jeff Adkins","Chattanooga, TN: Signal Mill Building",,"Chattanooga"
"8320419JWA9583.jpg","10/15/2019","10/15/2019","Jeff Adkins","Chattanooga, TN: Signal Mill Building",,"Chattanooga"
"8320419JWA2798.jpg","10/15/2019","10/15/2019","Jeff Adkins","Chattanooga, TN Breweries",,"Chattanooga"
"8320419JWA0001.jpg","10/15/2019","10/15/2019","Jeff Adkins","Chattanooga, TN Warehouse Row",,"Chattanooga"
"8320419JWA9026.jpg","10/15/2019","10/15/2019","Jeff Adkins","Chattanooga, TN Coolidge Park",,"Chattanooga"
"iStock-1091488844.jpg","10/15/2019","10/15/2019","iStock.com/Alisha Bube","Chattanooga, TN Outdoor Recreation",,"Chattanooga"
"8320419JWA1714.jpg","10/15/2019","10/15/2019","Jeff Adkins","Chattanooga, TN Adventure Sports",,"Chattanooga"
"UTHealth-LOGO.jpg","10/16/2019","10/16/2019",,"UT Health - Texas",,
"UTHealth.jpg","10/17/2019","10/17/2019",,,,
"NASHM2019v17W.jpg","04/10/2020","10/18/2019",,"Nashville, TN Digital Magazine",,"Nashville"
"DenverCOAirportGargoyle2.jpg","10/22/2019","10/22/2019","Photo Courtesy of Denver International Airport","Denver CO",,"Denver"
"DenverCOAirportMural2.jpg","10/22/2019","10/22/2019","Photo Courtesy of Denver International Airport","Denver CO",,"Denver"
"DenverCOAirportMural4.jpg","10/22/2019","10/22/2019","Photo Courtesy of Denver International Airport","Denver CO",,"Denver"
"DenverCOAirportMustang1.jpg","10/22/2019","10/22/2019","Photo Courtesy of Denver International Airport","Denver CO",,"Denver"
"DenverCOAirportRelaxSign.jpg","10/22/2019","10/22/2019","Photo Courtesy of Denver International Airport","Denver CO",,"Denver"
"DenverCOAirportTram1.jpg","10/22/2019","10/22/2019","Photo Courtesy of Denver International Airport","Denver CO",,"Denver"
"DenverCOTimeCapsule1.jpg","10/22/2019","10/22/2019","Photo Courtesy of Denver International Airport","Denver CO",,"Denver"
"DenverCOInterior.jpg","10/22/2019","10/22/2019","Photo Courtesy of Denver International Airport","Denver CO",,"Denver"
"IowaCityIAWriters2.jpg","10/22/2019","10/22/2019","Photo Courtesy of Iowa Writers' House","Iowa City IA",,"Iowa City"
"IowaCityIAWriters3.jpg","10/22/2019","10/22/2019","Photo Courtesy of Iowa Writers' House","Iowa City IA",,"Iowa City"
"IowaCityIAWriters4.jpg","10/22/2019","10/22/2019","Photo Courtesy of Iowa Writers' House","Iowa City IA",,"Iowa City"
"image-asset.jpeg","10/23/2019","10/23/2019",,,,
"ChristmasMovieSantaClaus.jpg","10/28/2019","10/28/2019",,"Santa Claus IN",,
"HollowKingdomSeattle.jpg","10/28/2019","10/28/2019",,"Seattle WA",,
"MiracleCreekLeesburg.jpg","10/28/2019","10/28/2019",,"Leesburg VA",,
"NumberOneChineseRestaurantLiterati.jpg","10/28/2019","10/28/2019",,"Ann Arbor MI",,
"songbirdsstraydogshendersonville.jpg","10/28/2019","10/28/2019",,"Hendersonville NC",,
"weloveandersoncooperboulder.jpg","10/28/2019","10/28/2019",,"Boulder CO",,
"MidwesternStrangeEauClaire_0.jpg","10/29/2019","10/29/2019",,"Midwestern Strange",,
"7790619KCFREE2090.jpg","10/29/2019","10/29/2019","Karen Campbell","Best Southwest, TX Startups",,"Cedar Hill"
"touringbandsfoods_0.jpg","10/30/2019","10/30/2019",,,,
"ThreeFold.jpg","10/30/2019","10/30/2019","Facebook.com/eat3fold",,,
"tourfoodsgraphic.jpg","10/30/2019","10/30/2019","TourFood",,,
"DallasTXFall2.jpg","10/30/2019","10/30/2019","Photo Courtesy of Visit Dallas","Dallas TX",,"Dallas"
"DallasTXFall1.jpg","10/30/2019","10/30/2019","Photo Courtesy of Visit Dallas","Dallas TX",,"Dallas"
"FrederickMDFall2.jpg","10/30/2019","10/30/2019","C. Kurt Holter/Visit Frederick","Frederick MD",,"Frederick"
"FrederickMDFall3.jpg","10/30/2019","10/30/2019","Don Burgess/Visit Frederick","Frederick MD",,"Frederick"
"LaconiaNHFall1_0.jpg","10/30/2019","10/30/2019","iStock/DenisTangneyJr","Laconia NH",,"Laconia"
"FreeportMEFall1.jpg","10/30/2019","10/30/2019","instagram/catherinethetraveler","Freeport ME",,"Freeport"
"MeridianIDFall1.jpg","10/31/2019","10/31/2019","instagram/hellomeridian","Meridian ID",,"Meridian"
"SnohomishWAFall1.jpg","10/31/2019","10/31/2019","Instagram/jennztar","Snohomish WA",,"Snohomish"
"7790619KCFREE1920.jpg","10/31/2019","10/31/2019","Karen Campbell","Best Southwest TX: Grow DeSoto Market Place",,"Cedar Hill"
"7790619KCFREE1955.jpg","10/31/2019","10/31/2019","Karen Campbell","Best Southwest TX: DeSoto Market Place",,"Cedar Hill"
"BrattleboroVTFall2.jpg","10/31/2019","10/31/2019","Instagram/esk_life_","Brattleboro VT",,"Brattleboro"
"WilkesboroNCFall2.jpg","10/31/2019","10/31/2019","Instagram/anchorcoffeeco","Wilkesboro NC",,"Wilkesboro"
"7790619KCFREE2148.jpg","10/31/2019","10/31/2019","Karen Campbell","Best Southwest TX Entrepreneurs",,"Cedar Hill"
"ColumbiaTNMuletownCoffeeFall.jpg","11/01/2019","11/01/2019","Facebook.com/MuletownRoastedCoffee","Columbia TN",,"Columbia"
"7791906003.jpg","11/01/2019","11/01/2019","Cedar Valley College","Best Southwest TX Schools",,"Cedar Hill"
"MadisonWIGoodStyleShop1.jpg","11/01/2019","11/01/2019","Photo Courtesy of Peter Benck","Madison WI",,"Madison"
"MadisonWILTD.jpg","11/01/2019","11/01/2019","Photo Courtesy of Peter Benck","Madison WI",,"Madison"
"77905SUB044.jpg","11/04/2019","11/04/2019","Courtesy of Texas State Technical College","Best Southwest, TX Colleges",,"Cedar Hill"
"Baltimore Amelia.jpg","11/04/2019","11/04/2019",,,,
"jamie charleston.jpg","11/04/2019","11/04/2019",,,,
"kaitlin.jpg","11/04/2019","11/04/2019",,,,
"Kat St Paul.jpg","11/04/2019","11/04/2019",,,,
"Kristina San Antonio.jpg","11/04/2019","11/04/2019",,,,
"Lauren Iowa City.jpg","11/04/2019","11/04/2019",,,,
"rachel atlantic city.jpg","11/04/2019","11/04/2019",,,,
"Sarah Albuquerque.jpg","11/04/2019","11/04/2019",,,,
"Sarah Dallas.jpg","11/04/2019","11/04/2019",,,,
"Leaving New York City.jpg","11/04/2019","11/04/2019","iStockPhoto",,,
"Tommy Nashville.jpg","11/04/2019","11/04/2019",,,,
"Aberdeen WA come as you are.jpg","11/05/2019","11/05/2019","istockphoto.com","Aberdeen Washington welcome sign",,"Aberdeen"
"Gilbertia.jpg","11/07/2019","11/07/2019","Instagram/the_vault_gilbert","Gilbert IA",,"Gilbert"
"AshevilleNCFallBeer.jpg","11/08/2019","11/08/2019","Facebook/Highland Brewing Company","Asheville NC",,"Asheville"
"GenZ_WhitePaper.pdf","11/08/2019","11/08/2019",,,,
"generic.png","11/08/2019","11/08/2019",,,,
"genz_page_header.png","11/08/2019","11/08/2019",,,,
"genz_page_header.png","11/08/2019","11/08/2019",,,,
"AnnArbor19v2W_0.jpg","04/09/2020","11/11/2019",,,,
"7791906005.jpg","11/11/2019","11/11/2019","Courtesy of Cedar Valley College","Best Southwest, TX Schools",,"Cedar Hill"
"RFIL_102216_634.jpg","11/11/2019","11/11/2019","Sandoval Economic Alliance","Rio Rancho and Sandoval County, NM",,"Rio Rancho"
"rio-rancho-sandoval-county-nm-stats.png","11/11/2019","11/11/2019","Sandoval Economic Alliance","Rio Rancho - Sandoval County, NM population statistics",,"Rio Rancho"
"sandoval-county-nm-large-dam.jpg","11/11/2019","11/11/2019","Sandoval Economic Alliance","Rio Rancho - Sandoval County, NM dam",,"Rio Rancho"
"Sandoval Economic Alliance 4PSS_COVER.jpg","11/11/2019","11/11/2019",,"The Bright Spot of New Mexico – Sandoval County",,
"sandoval-LOGO.png","11/11/2019","11/11/2019",,"Sandoval Economic Alliance - Sandoval County, NM",,
"7790416JSO2475.jpg","11/11/2019","11/11/2019","Jeffrey S. Otto","Cedar Hill, TX State Park",,"Cedar Hill"
"7790619KCFREE1420.jpg","11/11/2019","11/11/2019","Karen Campbell","Cedar Hill, TX State Park",,"Cedar Hill"
"Wilkes20v18W.jpg","11/11/2019","11/11/2019",,"Wilkesboro, NC Digital Magazine",,"Wilkesboro"
"Rob Whisky1.jpg","11/12/2019","11/12/2019",,,,
"stranahans.jpg","11/12/2019","11/12/2019","Stranahans","Stranahans Distillery Colorado",,
"Twin Creeks Distillery.jpg","11/12/2019","11/12/2019","Twin Creeks Distillery","Twin Creeks Distillery",,
"balcones texas whiskey.jpg","11/12/2019","11/12/2019","Balcones Distillery","Balcones Distillery",,
"yahara bay.jpg","11/12/2019","11/12/2019","Yahara Bay","Yahara Bay",,
"Westland Whiskey.jpg","11/12/2019","11/12/2019","Westland Distillery","Westland Distillery",,
"Unexpected Whiskey Regions.jpg","11/12/2019","11/12/2019","Stranahan's Colorado Whiskey","Stranahan's Colorado Whiskey",,
"Sandoval19v1W_0.jpg","11/12/2019","11/12/2019",,,,
"Sandoval Economic Alliance 4PSS_COVER_0.jpg","11/12/2019","11/12/2019",,,,
"floating homes.jpg","11/13/2019","11/13/2019","Michael Lewis","Sausalito Floating Homes",,
"dragonboat.jpg","11/13/2019","11/13/2019","Michael Lewis","Dragon Boat Floating Home",,
"Sausalito Houseboats.jpg","11/13/2019","11/13/2019","Michael Lewis","Sausalito Floating Homes",,
"Floating home orange.jpg","11/13/2019","11/13/2019","Michael Lewis","Sausalito Floating Homes",,
"houseboat2.jpg","11/13/2019","11/13/2019","Michael Lewis","Sausalito Floating Homes",,
"Kingsport2019v3W.jpg","04/10/2020","11/13/2019",,"Livability Kingsport, TN magazine",,
"6540719JWA3903.jpg","11/14/2019","11/14/2019","Jeff Adkins","Nashville, TN Pedestrian Bridge",,"Nashville"
"65419SUB0055PartialRemoveStage.jpg","11/14/2019","11/14/2019",,,,
"65419SUB0066.jpg","11/14/2019","11/14/2019","Nashville Convention & Visitors Corp","Nashville, TN NFL Draft",,"Nashville"
"Pioneer Saloon Idaho.jpg","11/15/2019","11/15/2019","Photo courtesy of Visit Sun Valley",,,
"Fly Fishing Idaho.jpg","11/15/2019","11/15/2019","Photo courtesy of Visit Sun Valley","Ketchum Fly Fishing",,
"Visit Ketchum Idaho.jpg","11/15/2019","11/15/2019","Photo courtesy of Visit Sun Valley",,,
"Limelight Hotel Ketchum.jpg","11/15/2019","11/15/2019","Photo courtesy of Limelight Hotel","Limelight Hotel Ketchum",,
"Limelight Hotel Ketchum Dog friendly.jpg","11/15/2019","11/15/2019","Photo courtesy of the Limelight Hotel",,,
"Ketchum Scenic.jpg","11/15/2019","11/15/2019","Photo courtesy of Limelight Hotel","Ketchum Idaho",,
"SunValleySki.jpg","11/15/2019","11/15/2019","Photo courtesy of Sun Valley Resort",,,
"Boho Lounge.jpg","11/15/2019","11/15/2019","Photo courtesy of the Boho Lounge",,,
"6540118JWA4136.jpg","11/15/2019","11/15/2019","Jeff Adkins","Nashville, TN Startups",,"Nashville"
"3011933SUB084_1.jpg","11/15/2019","11/15/2019","MTSU Data Science Institute","Nashville, TN: MTSU Data Science Center",,"Nashville"
"2052020SUB039_0.jpg","11/15/2019","11/15/2019","Jessica Amerson","Nashville, TN Fashion Week",,"Nashville"
"2050816JWA2672.jpg","11/15/2019","11/15/2019","Jeff Adkins","Nashville, TN Restaurants",,"Nashville"
"Hawaii_2.jpg","11/17/2019","11/17/2019","istockphoto","Affordable places to live in Hawaii","Affordable places to live in Hawaii",
"How to move to Hawaii.jpg","11/17/2019","11/17/2019","istockphoto.com","How to move to Hawaii",,
"3011933SUB084-2.jpg","11/18/2019","11/18/2019","MTSU Data Science Institute","Nashville, TN: MTSU Data Science Center",,"Nashville"
"iStock-172426500.jpg","11/18/2019","11/18/2019","iStock.com/Anutik","Nashville, TN Music Industry",,"Nashville"
"2050816JWA2672_0.jpg","11/18/2019","11/18/2019","Jeff Adkins","Nashville, TN Restaurants",,"Nashville"
"fest17-dd-_MG_0112_0.jpg","11/18/2019","11/18/2019","Dusty Draper/CMA","Nashville, TN Live Music",,"Nashville"
"hot-springs-arkansas.jpg","11/18/2019","11/18/2019","Wildwood Bed & Breakfast Inn","Wildwood Bed & Breakfast Inn",,
"Stowe.jpg","11/18/2019","11/18/2019","Topnotch Resort","Stowe VT",,
"Virginia Beach Pier.jpg","11/18/2019","11/18/2019","istockphoto.com","Virginia Beach VA",,"Virginia Beach"
"Affordable Babymoon Destinations.jpg","11/18/2019","11/18/2019","istockphoto","Affordable places for a babymoon",,
"Black Wall Street Gallery Art.jpg","11/20/2019","11/20/2019","Facebook.com/blackwallstreetgallery","Black Wall Street Gallery",,
"black wall street gallery.jpg","11/20/2019","11/20/2019","Facebook.com/blackwallstreetgallery","Black Wall Street Gallery Tulsa",,
"Black Wall Street Conciliation.jpg","11/20/2019","11/20/2019","Facebook.com/blackwallstreetgallery","Black Wall Street Gallery Tulsa",,
"Black Wall Street Gallery Artist.jpg","11/20/2019","11/20/2019",,,,
"Black Wall Street Gallery Tulsa 2.jpg","11/20/2019","11/20/2019","Facebook.com/blackwallstreetgallery",,,
"Black Wall Street Gallery 3.jpg","11/20/2019","11/20/2019","Facebook.com/blackwallstreetgallery","Black Wall Street Gallery Tulsa",,
"35013SUB017.jpg","11/21/2019","11/21/2019","Courtesy of the Town of North Wilkesboro","Wilkesboro, NC Communities",,"Wilkesboro"
"3500617BRFRE004_0.jpg","11/21/2019","11/21/2019","Bryan Rierson","Wilkesboro, NC Parks",,"Wilkesboro"
"3500613WJO8134.jpg","11/21/2019","11/21/2019","Wendy Jo O'Barr","Wilkesboro, NC: Blue Ridge Parkway",,"Wilkesboro"
"3500613WJO8134 copy.jpg","11/21/2019","11/21/2019","Wendy Jo O'Barr","Wilkesboro, NC: Blue Ridge Parkway",,"Wilkesboro"
"35013SUB029.jpg","11/21/2019","11/21/2019","Courtesy of YMCA Camp Harrison","Wilkesboro, NC: Herring Ridge",,"Wilkesboro"
"3500819TTSFREE121.jpg","11/21/2019","11/21/2019","Times Treasured Studios, Heather Cardwell","Wilkesboro, NC: Splash Pad",,"Wilkesboro"
"3500819TTSFREE121 copy.jpg","11/21/2019","11/21/2019","Times Treasured Studios, Heather Cardwell","Wilkesboro, NC: Splash Pad",,"Wilkesboro"
"3500617BRFRE026.jpg","11/21/2019","11/21/2019","Bryan Rierson","Wilkesboro, NC Parks and Recreation",,"Wilkesboro"
"FaithFest 2019.jpg","11/21/2019","11/21/2019","Spectrum Hospitality Management LLC","Wilkesboro, NC Festivals",,"Wilkesboro"
"35018SUB007.jpg","11/21/2019","11/21/2019","Courtesy of Wilke's County Schools","Wilkesboro, NC Schools",,"Wilkesboro"
"35018SUB011.jpg","11/21/2019","11/21/2019","Courtesy of Wilkes County Schools","Wilkesboro, NC School Programs",,"Wilkesboro"
"35018SUB007_0.jpg","11/21/2019","11/21/2019","Courtesy of Wilkes County Schools","Wilkesboro, NC Schools",,"Wilkesboro"
"35018SUB012.jpg","11/21/2019","11/21/2019","Courtesy of Wilkes County Schools","Wilkesboro, NC School Apprenticeships",,"Wilkesboro"
"DenverCODowntownLights.jpg","11/22/2019","11/22/2019","iStock/pascaluehli","Denver CO",,"Denver"
"DenverCOPanorama.jpg","11/22/2019","11/22/2019","iStock/f11photo","Denver CO",,"Denver"
"MONTED20v5W.jpg","11/22/2019","11/22/2019",,,,
"IowaCity20v2W_0.jpg","04/10/2020","11/25/2019",,"Iowa City, IA Digital Magazine",,"Iowa City"
"Utah state park.jpg","11/25/2019","11/25/2019","istockphoto","Dead Horse Point State Park",,
"ledges state park.jpg","11/25/2019","11/25/2019","Iowa State Parks",,,
"eldorado canyon.jpg","11/25/2019","11/25/2019","istockphoto","Eldorado Canyon State Park",,
"Peninsula State Park Wisconsin.jpg","11/25/2019","11/25/2019","istockphoto",,,
"Dead Horse Point State Park.jpg","11/25/2019","11/25/2019","istockphoto","Dead Horse Point State Park",,
"TwinFallsIDLemonFalls.jpg","11/25/2019","11/25/2019","Jeff Adkins","Twin Falls ID",,"Twin Falls"
"LeandraBeabout-headshot.jpg","11/26/2019","11/26/2019",,,,
"6801801SUB082_0.jpg","11/26/2019","11/26/2019","Cullman Sports & Tourism","Cullman, AL Recreation",,"Cullman"
"Tridge.jpg","11/26/2019","11/26/2019","Courtesy of the Midland CVB","Midland Michigan Tridge",,
"Canopy Walk Winter 2.jpg","11/26/2019","11/26/2019","Courtesy of the Midland CVB","Midland Canopy Walk",,
"Canopy Walk Glass Overlook 4.jpg","11/26/2019","11/26/2019","Courtesy of the Midland CVB","Midland Canopy Walk",,
"Canopy Walk Knot Entrance 2.jpg","11/26/2019","11/26/2019","Courtesy of the Midland CVB","Midland Canopy Walk",,
"Dow Garden Butterfly.jpg","11/26/2019","11/26/2019","Courtesy of the Midland CVB",,,
"Canopy Walk Pod 1.jpg","11/26/2019","11/26/2019","Courtesy of the Midland CVB",,,
"canopy walk.jpg","11/26/2019","11/26/2019","Courtesy of the Midland CVB","Midland Canopy Walk",,
"Canopy Walk Pond Arm 2.jpg","11/26/2019","11/26/2019","Courtesy of the Midland CVB","Midland Canopy Walk",,
"PAGE_5_TRIDENT_MARINA_RENDERING copy.jpg","11/26/2019","11/26/2019","Courtesy of the Cullman CVC","Cullman, AL: Smith Lake",,"Cullman"
"CullmanRanch.jpg","11/26/2019","11/26/2019","Cullman Chamber of Commerce","Cullman, AL: Sullivan Creek Ranch",,"Cullman"
"iStock-1015564946.jpg","11/26/2019","11/26/2019","iStock.com/Visivasnc","Cullman, AL Businesses",,"Cullman"
"How to create community.jpg","11/26/2019","11/26/2019","istockphoto.com","how to create community",,
"86002SUB058.jpg","11/26/2019","11/26/2019","Courtesy of Young Entrepreneurs Academy","Cullman, AL Schools",,"Cullman"
"86002SUB021.jpg","11/26/2019","11/26/2019","Courtesy of Wallace State","Cullman, AL: Wallace State",,"Cullman"
"86002SUB030.jpg","11/27/2019","11/27/2019","Courtesy of Cullman Regional Medical Center","Cullman, AL Regional Medical Center",,"Cullman"
"Leaving LA.jpg","12/01/2019","12/01/2019","istockphoto","Leaving LA",,
"Rob Madison.jpg","12/01/2019","12/01/2019",,,,
"Maria New Haven.jpg","12/01/2019","12/01/2019",,,,
"Alexandra-Hilo.jpg","12/01/2019","12/01/2019",,,,
"Ben Cedar Rapids.jpg","12/01/2019","12/01/2019",,,,
"Rachel Austin.jpg","12/01/2019","12/01/2019",,,,
"Sarah Nashville.jpg","12/01/2019","12/01/2019",,,,
"Houston.jpg","12/01/2019","12/01/2019",,,,
"Tori Dallas.jpg","12/01/2019","12/01/2019",,,,
"Lauren Pflugerville_0.jpg","12/02/2019","12/02/2019",,,,
"86002SUB044.jpg","12/02/2019","12/02/2019","Courtesy of First Source for Women","Cullman, AL Health Care",,"Cullman"
"18.09.28_Livability_Cullman0112.jpg","12/02/2019","12/02/2019","Art Meripol","Cullman, AL Startups",,"Cullman"
"AlbuquerqueNM-NationalHispanicCenter.jpg","12/02/2019","12/02/2019","Sarah Kuta","Albuquerque NM",,"Albuquerque"
"AlbuquerqueNM-PopFizz.jpg","12/02/2019","12/02/2019",,,,
"MaconGADowntown.jpg","12/02/2019","12/02/2019","iStock/Sean Pavone","Macon GA",,"Macon"
"18.09.28_Livability_Cullman0150.jpg","12/02/2019","12/02/2019","Art Meripol","Cullman, AL Technology Village",,"Cullman"
"Questions About Living in Iowa Answered.jpg","12/02/2019","12/02/2019","istockphoto","What It's Really Like to Live in Iowa",,
"MaconGAAmersonRiverParkEntrance.jpg","12/03/2019","12/03/2019","365 Degree Total Marketing","Macon GA",,"Macon"
"MaconGAGrandOperaHouse.jpg","12/03/2019","12/03/2019","Macon-Bibb County Convention & Visitors Bureau","Macon GA",,"Macon"
"MaconGATubmanMuseumGalleryStatue.jpg","12/03/2019","12/03/2019","Macon-Bibb County Convention & Visitors Bureau","Macon GA",,"Macon"
"AlbuquerqueNMElVadoMotel.jpg","12/03/2019","12/03/2019",,,,
"Oxford20v2W.jpg","04/10/2020","12/03/2019",,"Oxford, MS Digital Magazine",,"Oxford"
"SouthernIdaho20v15W.jpg","12/03/2019","12/03/2019",,"Southern Idaho Digital Magazine",,
"8592002SUB004.jpg","12/03/2019","12/03/2019","Justin A. Torner","Iowa City, IA Arts",,"Iowa City"
"8591801SUB294.jpg","12/03/2019","12/03/2019","Tim Schoon - The University of Iowa","Iowa City, IA: The University of Iowa",,"Iowa City"
"8591801SUB232.jpg","12/03/2019","12/03/2019","Christopher Hunter","Iowa City, IA Downtown Arts",,"Iowa City"
"8592002SUB003.jpg","12/03/2019","12/03/2019","Tony Webster","Iowa City, IA: Englert Civic Theatre",,"Iowa City"
"WI_Mercy_Hospital_hi-res_building.jpg","12/04/2019","12/04/2019","Graham Washatka","Ascension Mercy Hospital",,"Oshkosh"
"Ascension-Mercy-heart-day.jpg","12/04/2019","12/04/2019","Ascension Mercy Hospital","Heart Day at Ascension Mercy Hospital",,"Oshkosh"
"Ascension-Mercy-garden.jpg","12/04/2019","12/04/2019","Ascension Mercy Hospital","Plant a Row at Ascension Mercy Hospital in Oshkosh, WI",,"Oshkosh"
"plain-old-devs-art.jpg","12/05/2019","12/04/2019","istock.com/mountainlion","Plain Old DevOps in Oshkosh, WI",,"Oshkosh"
"Health-Solutions-photo.jpg","12/05/2019","12/05/2019","Health Solutions","Health Solutions, Pueblo, CO",,"Pueblo"
"Health-Solutions_PCC5303.jpg","12/05/2019","12/05/2019","Health Solutions","Health Solutions careers in Pueblo, CO",,"Pueblo"
"Shoshone Falls Kayak-web.jpg","12/05/2019","12/05/2019","Southern Idaho Tourism","Shoshone Falls - Visitors Are Drawn to Southern Idaho’s Stunning Waterfalls",,"Shoshone"
"_DSC3154-web.jpg","12/05/2019","12/05/2019","Southern Idaho Tourism","Visitors are drawn to Southern Idaho’s stunning waterfalls",,"Twin Falls"
"StayAndPlay2020_COVER.jpg","12/05/2019","12/05/2019","Southern Idaho Tourism","Discover Southern Idaho",,"Twin Falls"
"SITA-Advertising-Logo.png","12/05/2019","12/05/2019","Southern Idaho Tourism","Discover Southern Idaho’s Stunning Waterfalls",,"Twin Falls"
"8592002SUB009.jpg","12/05/2019","12/05/2019","Sarah Chabolla","Iowa City, IA Downtown",,"Iowa City"
"8592002SUB010.jpg","12/05/2019","12/05/2019","Josh Krakauer","Iowa City, IA Residents",,"Iowa City"
"8592002SUB017 copy.jpg","12/05/2019","12/05/2019","Sarah Chabolla","Iowa City, IA",,"Iowa City"
"nku_aerial.jpg","12/08/2019","12/08/2019","Northern Kentucky University","Northern Kentucky University in the Northern Kentucky and Greater Cincinnati region",,"Highland Heights"
"NKU-students.jpg","12/08/2019","12/08/2019","Northern Kentucky University","Northern Kentucky University in the Northern Kentucky and Greater Cincinnati region",,"Highland Heights"
"Hiawatha Wall 1.jpg","12/08/2019","12/08/2019","City of Hiawatha, Iowa","A family relaxes in the city of Hiawatha, Iowa",,"Hiawatha"
"Hiawath-IA-bikes-IMG_0208.jpg","12/08/2019","12/08/2019","City of Hiawatha, Iowa","Biking in the city of Hiawatha, Iowa",,"Hiawatha"
"Collins-Aerospace-web-photo.jpg","12/08/2019","12/08/2019","Collins Aerospace","Collins Aerospace is anchoring the economy in Cedar Rapids, IA",,"Cedar Rapids"
"CRST-new truck-web.jpg","12/08/2019","12/08/2019","CRST International","CRST International in Cedar Rapids, IA",,"Cedar Rapids"
"U of P Picture 6.jpg","12/08/2019","12/08/2019","Hyster-Yale","Hyster-Yale in Greenville, NC",,"Greenville"
"GrowLocal29-3.jpg","12/08/2019","12/08/2019","Hyster-Yale","Student tour at Hyster-Yale in Greenville, NC",,"Greenville"
"InvestorsRoundTable_BS-web.jpg","12/08/2019","12/08/2019","Conscious RT","Conscious RT in Baltimore City, MD",,"Baltimore"
"18-1110A141GalaEC-web.jpg","12/08/2019","12/08/2019","West Tennessee Healthcare Foundation","West Tennessee Healthcare Foundation Annual Charity Gala",,"Jackson"
"IMG_6311-web.jpg","12/08/2019","12/08/2019","West Tennessee Healthcare Foundation","us Stop Café of the West Tennessee Healthcare Foundation",,"Jackson"
"3160817SJFRE0162-web.jpg","12/08/2019","12/08/2019","www.stevejonesphoto.com","The AMP at Jackson Walk in Jackson, TN",,"Jackson"
"3160919NL0923-web.jpg","12/08/2019","12/08/2019","Nathan Lambrecht","Lift Wellness Center in Jackson, TN",,"Jackson"
"Daytona_Beach_Clocktower_Daytona_Beach_Area_CVB-web.jpg","12/08/2019","12/08/2019","Daytona Beach Area Convention and Visitors Bureau","Clocktower in Daytona Beach, FL",,"Daytona Beach"
"New-Smyrna-Beach-Canal at Night-web.jpg","12/16/2019","12/08/2019","New Smyrna Beach Area CVB","New Smyrna Beach, FL has a quiet, hometown feel",,"New Smyrna Beach"
"Blue_Spring_State_Park_3.jpg","12/08/2019","12/08/2019","Florida State Parks","Blue Springs State Park in Orange City, FL",,"Orange City"
"DeLand-DeBaryHallExFamilyonBikes-web.jpg","12/08/2019","12/08/2019","West Volusia Tourism – VisitWestVolusia.com","Family biking near DeBary Hall in Deland, FL",,"DeLand"
"Oshkosh20v3_W.jpg","12/10/2019","12/10/2019",,"Oshkosh, WI Digital Magazine",,"Oshkosh"
"MONTED20v5W_0.jpg","12/10/2019","12/10/2019",,"Montgomery County Digital Magazine",,"Rockville"
"Bobby Narcho-Filipino Food.jpg","12/10/2019","12/10/2019","Photo by Bobby Narcho",,,
"East End Market.jpg","12/10/2019","12/10/2019","Photo courtesy of John Rife",,,
"Hatch Kitchen.jpg","12/10/2019","12/10/2019","Photo courtesy of Hatch Kitchen",,,
"Findlay Kitchen.jpg","12/10/2019","12/10/2019","Facebook.com/findlaykitchen",,,
"Incubator Kitchens.jpg","12/10/2019","12/10/2019",,,,
"6300118SUB514.jpg","12/10/2019","12/10/2019","Patrick Flood/University of Wisconsin Oshkosh","Oshkosh, WI Paine Art Center",,"Oshkosh"
"6300220SUB016 copy.jpg","12/10/2019","12/10/2019","Kamil Krzaczynski","Oshkosh, WI Sports",,"Oshkosh"
"48744713466_df3676428c_k.jpg","12/10/2019","12/10/2019","Patrick Flood/Culver Family Center","Oshkosh, WI Culver Family Center",,"Oshkosh"
"6300118SUB452_0.jpg","12/10/2019","12/10/2019","Oshkosh CVB","Oshkosh, WI Xtreme Regatta",,"Oshkosh"
"6300918CCFRE059 copy.jpg","12/10/2019","12/10/2019","Caitlin Claire Studio","Oshkosh, WI Fox River Brewing Company",,"Oshkosh"
"6300118SUB365.jpg","12/10/2019","12/10/2019","Oshkosh CVB","Oshkosh, WI Farmer's Market",,"Oshkosh"
"6300819CCFRE0204.jpg","12/10/2019","12/10/2019","Caitlin Claire Studio","Oshkosh, WI Restaurants",,"Oshkosh"
"AFNA_CORP_OSH-3.jpg","12/10/2019","12/10/2019","Oshkosh Chamber of Commerce","Oshkosh, WI Employers",,"Oshkosh"
"AFNA_CORP_OSH-3 copy.jpg","12/10/2019","12/10/2019","Oshkosh Chamber of Commerce","Oshkosh, WI Employers",,"Oshkosh"
"Blue Ridge Food Ventures.jpg","12/10/2019","12/10/2019","Facebook.com/BlueRidgeFoodVentures",,,
"GHQ Aerial copy.jpg","12/10/2019","12/10/2019","Tyler Rickenbach","Oshkosh, WI Employers",,"Oshkosh"
"Pueblo20v26W.jpg","12/11/2019","12/11/2019",,"Pueblo, CO Digital Magazine",,"Pueblo"
"Raleigh NC_1.jpg","12/11/2019","12/11/2019","istockphoto",,,
"LGBT center raleigh.jpg","12/11/2019","12/11/2019","Facebook.com/lgbtcenterofraleigh",,,
"6300118SUB520 copy.jpg","12/11/2019","12/11/2019","Patrick Flood/University of Wisconsin Oshkosh","Oshkosh, WI Schools",,"Oshkosh"
"6300118SUB147.jpg","12/11/2019","12/11/2019","Oshkosh Area School District","Oshkosh, WI Schools",,"Oshkosh"
"6300118SUB596.jpg","12/11/2019","12/11/2019","Patrick Flood/University of Wisconsin Oshkosh","Oshkosh, WI Schools",,"Oshkosh"
"6300118SUB014 copy.jpg","12/11/2019","12/11/2019","Aurora Medical Center","Oshkosh, WI Medical Centers",,"Oshkosh"
"IMG_5249 copy.jpg","12/11/2019","12/11/2019","Ascension Mercy Hospital","Oshkosh, WI Health Care",,"Oshkosh"
"GreaterDaytona2020v1W.jpg","12/12/2019","12/12/2019",,"Greater Daytona Region Digital Magazine",,"Daytona Beach"
"TeamVolusialogo.jpg","12/12/2019","12/12/2019",,,,
"GreaterDaytona2020v1W.jpg","12/12/2019","12/12/2019",,"Greater Daytona Region Digital Magazine",,"Daytona Beach"
"Milwaukee Skyline.jpg","12/12/2019","12/12/2019","Winona Dimeo-Ediger",,,
"Sherman Phoenix.jpg","12/12/2019","12/12/2019","Photo by Kelly Lietz",,,
"milwaukee.jpg","12/12/2019","12/12/2019","Winona Dimeo-Ediger",,,
"Milwaukee mural.jpg","12/12/2019","12/12/2019","Winona Dimeo-Ediger",,,
"The Commons.jpg","12/12/2019","12/12/2019","Facebook.com/pg/TheCommonsWI",,,
"black cat alley mural.jpg","12/12/2019","12/12/2019","Winona Dimeo-Ediger",,,
"8702001SUB101.jpg","12/12/2019","12/12/2019","Don Bok","Daytona Beach, FL Motorsports",,"Daytona Beach"
"8700819JWA3794.jpg","12/12/2019","12/12/2019","Jeff Adkins","Daytona Beach, FL Medical Labs",,"Daytona Beach"
"8700819JWA0681.jpg","12/12/2019","12/12/2019","Jeff Adkins","Daytona Beach, FL: One Daytona",,"Daytona Beach"
"8702001SUB178 copy.jpg","12/12/2019","12/12/2019","Latitude Margaritaville","Daytona Beach, FL Developments",,"Daytona Beach"
"8702001SUB122.jpg","12/12/2019","12/12/2019","Courtesy of Daytona State College","Daytona Beach, FL Schools",,"Daytona Beach"
"8700819JWA3003 copy.jpg","12/12/2019","12/12/2019","Jeff Adkins","Daytona Beach, FL: Embry-Riddle",,"Daytona Beach"
"8702001SUB123.jpg","12/12/2019","12/12/2019","Courtesy of Daytona State College","Daytona Beach, FL: Daytona State College",,"Daytona Beach"
"8702001SUB134.jpg","12/12/2019","12/12/2019","Courtesy of Stetson University","Daytona Beach, FL Schools",,"Daytona Beach"
"AdventHealth_COVER.jpg","12/12/2019","12/12/2019","AdventHealth","Life at AdventHealth in Daytona Beach, FL",,"Daytona Beach"
"AH_logo.jpg","12/12/2019","12/12/2019","AdventHealth","AdventHealth in Greater Daytona Beach, FL",,"Daytona Beach"
"CedarRapids19v1W.jpg","04/09/2020","12/13/2019",,"Livability Cedar Rapids, IA",,
"NTHKY20_W.jpg","12/13/2019","12/13/2019",,,,
"8672001SUB133.jpg","12/13/2019","12/13/2019","Justin Torner","Cedar Rapids, IA: McGrath Amphitheatre",,"Cedar Rapids"
"market-07432.jpg","12/13/2019","12/13/2019","William P. Buckets/StewGetsBuckets.com","Cedar Rapids, IA Farmers Market",,"Cedar Rapids"
"Best Cities for Vintage.jpg","12/16/2019","12/16/2019","Facebook.com/HSIWvintage",,,
"8110819JWA1454.jpg","12/17/2019","12/17/2019","Jeff Adkins","Rockville, MD: Brookside Gardens Conservatory",,"Rockville"
"MemphisTNMural1.jpg","12/17/2019","12/17/2019","Kristin Luna / Camels & Chocolate","Memphis TN",,"Memphis"
"MemphisTNMural2.jpg","12/17/2019","12/17/2019","Kristin Luna / Camels & Chocolate","Memphis TN",,"Memphis"
"8110819JWA5050 copy.jpg","12/17/2019","12/17/2019","Jeff Adkins","Rockville, MD: Salsa at the Square",,"Rockville"
"8110819JWA3886 copy.jpg","12/17/2019","12/17/2019","Jeff Adkins","Rockville, MD Music Events",,"Rockville"
"OklahomaCityOKMural1.jpg","12/17/2019","12/17/2019","Kristin Luna / Camels & Chocolate","Oklahoma City OK",,"Oklahoma City"
"OklahomaCityOKMural2.jpg","12/17/2019","12/17/2019","Kristin Luna / Camels & Chocolate","Oklahoma City OK",,"Oklahoma City"
"CincinnatiOHMural1.jpg","12/17/2019","12/17/2019","Kristin Luna / Camels & Chocolate","Cincinnati OH",,"Cincinnati"
"iStock-531004334.jpg","12/17/2019","12/17/2019","iStock.com/ferrantraite","Rio Rancho, NM Monuments",,"Rio Rancho"
"8660619SSFREE6475.jpg","12/17/2019","12/17/2019","Sergio Salvador","Rio Rancho, NM Parks",,"Rio Rancho"
"ParamountTheatre-51cmyk.jpg","12/17/2019","12/17/2019","Wayne E. Johnson","Cedar Rapids, IA Performing Arts",,"Cedar Rapids"
"8672001SUB032 copy.jpg","12/17/2019","12/17/2019","Cedar Rapids Metro Economic Alliance","Cedar Rapids, IA: Downtown",,"Cedar Rapids"
"GuestServices.jpg","12/17/2019","12/17/2019","Courtesy of Eastern Iowa Airport","Cedar Rapids, IA Airport",,"Cedar Rapids"
"8672001SUB142.jpg","12/17/2019","12/17/2019","Ed Collier","Cedar Rapids, IA Schools",,"Cedar Rapids"
"JacksonTN20v18W.jpg","04/10/2020","12/18/2019",,"Livability Jackson, TN magazine",,
"Pueblo20v26PQ.jpg","12/18/2019","12/18/2019",,,,
"Pueblo20v26HR.jpg","04/10/2020","12/18/2019",,"Pueblo, CO Magazine",,
"SouthernIdaho20v15HR.jpg","04/10/2020","12/18/2019",,"Livability Southern Idaho magazine",,
"NTHKY20_PQ.jpg","04/10/2020","12/18/2019",,"Livability Northern Kentucky magazine",,
"EasternNCRegional20v9PQ.jpg","04/10/2020","12/18/2019",,"Eastern North Carolina Regional Economic Development Review magazine",,
"BAEDG20v4_PQ.jpg","04/09/2020","12/18/2019",,"Greater Baltimore, MD Business Climate magazine",,
"BoiseIDFreakAlley.jpg","12/18/2019","12/18/2019","Louis Ruth Photography","Boise ID",,"Boise"
"SacramentoCALadyBirdMural.jpg","12/18/2019","12/18/2019","Visit Sacramento / Brandon Darnell","Sacramento CA",,"Sacramento"
"LexingtonKYMural.jpg","12/18/2019","12/18/2019","instagram/prhbtn","Lexington KY",,"Lexington"
"OKCPlazaWalls.jpg","12/18/2019","12/18/2019","Oklahoma Mural Syndicate","Oklahoma City OK",,"Oklahoma City"
"6960919JWA3323.jpg","12/18/2019","12/18/2019","Jeff Adkins","Southern Idaho",,"Twin Falls"
"6960919JWA3392.jpg","12/18/2019","12/18/2019","Jeff Adkins","Southern Idaho",,"Twin Falls"
"6960919JWA8725.jpg","12/18/2019","12/18/2019","Jeff Adkins","Southern Idaho",,"Twin Falls"
"69613SUB100.jpg","12/18/2019","12/18/2019","Courtesy of McCain Foods","Southern Idaho",,
"69612SUB018.jpg","12/18/2019","12/18/2019","College of Southern Idaho","Southern Idaho",,
"6961814SUB090.jpg","12/18/2019","12/18/2019","Courtesy of: CSI Refugee Programs","Southern Idaho",,
"6961814SUB105.jpg","12/18/2019","12/18/2019","Courtesy of: CSI Refugee Programs","Southern Idaho",,
"IMG_0331.jpg","12/18/2019","12/18/2019","Miranda Walker/Magic Valley Folk Festival","Southern Idaho",,
"IMG_0410.jpg","12/18/2019","12/18/2019","Miranda Walker/Magic Valley Folk Festival","Southern Idaho",,
"IMG_1685.jpg","12/18/2019","12/18/2019","Miranda Walker/Magic Valley Folk Festival","Southern Idaho",,
"FrenchFryStock.jpg","12/18/2019","12/18/2019","iStock/LauriPatterson","Stock",,
"6960919JWA4029.jpg","12/18/2019","12/18/2019","Jeff Adkins","Southern Idaho",,"Twin Falls"
"6960919JWA3907.jpg","12/18/2019","12/18/2019","Jeff Adkins","Southern Idaho",,"Twin Falls"
"6960918JWA9889.jpg","12/18/2019","12/18/2019","Jeff Adkins","Southern Idaho",,"Twin Falls"
"3110815WyaneA0131.jpg","12/19/2019","12/19/2019","Wayne Armstrong","Pueblo CO",,"Pueblo"
"3110815WyaneA0284.jpg","12/19/2019","12/19/2019","Wayne Armstrong","Pueblo CO",,"Pueblo"
"3110815WyaneA0446.jpg","12/19/2019","12/19/2019","Wayne Armstrong","Pueblo CO",,"Pueblo"
"3110816JWA1443.jpg","12/19/2019","12/19/2019","Jeff Adkins","Pueblo CO",,"Pueblo"
"3110818JWA4713.jpg","12/19/2019","12/19/2019","Jeff Adkins","Pueblo CO",,"Pueblo"
"3110919JWA6149.jpg","12/19/2019","12/19/2019","Jeff Adkins","Pueblo CO",,"Pueblo"
"3110919JWA7823.jpg","12/19/2019","12/19/2019","Jeff Adkins","Pueblo CO",,"Pueblo"
"3110919JWA7948.jpg","12/19/2019","12/19/2019","Jeff Adkins","Pueblo CO",,"Pueblo"
"3110919JWA7993.jpg","12/19/2019","12/19/2019","Jeff Adkins","Pueblo CO",,"Pueblo"
"3110919MSFRE2318.jpg","12/19/2019","12/19/2019","Matthew Staver","Pueblo CO",,"Pueblo"
"3110919MSFRE2441.jpg","12/19/2019","12/19/2019","Matthew Staver","Pueblo CO",,"Pueblo"
"3110919MSFRE8039_cc.jpg","12/19/2019","12/19/2019","Matthew Staver","Pueblo CO",,"Pueblo"
"3110919MSFRE8082.jpg","12/19/2019","12/19/2019","Matthew Staver","Pueblo CO",,"Pueblo"
"3110919MSFRE8413.jpg","12/19/2019","12/19/2019","Matthew Staver","Pueblo CO",,"Pueblo"
"3110919MSFRE8569.jpg","12/19/2019","12/19/2019","Matthew Staver","Pueblo CO",,"Pueblo"
"SUB_3111925SUB080.jpg","12/19/2019","12/19/2019","Jeff Lopez Photography","Pueblo CO",,
"SUB_3112026SUB010.jpg","12/19/2019","12/19/2019","Courtesy of City of Pueblo","Pueblo CO",,
"SUB_3112026SUB012.jpg","12/19/2019","12/19/2019","Courtesy of Pueblo Symphony","Pueblo CO",,
"DogEssay1.jpg","12/19/2019","12/19/2019","Megan Seling",,,
"DogEssay4.jpg","12/19/2019","12/19/2019","Megan Seling",,,
"DogEssay6.jpg","12/19/2019","12/19/2019","Megan Seling",,,
"DogEssay5.jpg","12/19/2019","12/19/2019","Megan Seling",,,
"DogEssay8.jpg","12/19/2019","12/19/2019","Megan Seling",,,
"DogEssay9.jpg","12/19/2019","12/19/2019","Megan Seling",,,
"2019Top10Stories.jpg","12/20/2019","12/20/2019","iStock","Stock",,
"1760817JSO5277.jpg","12/20/2019","12/20/2019","Jeffrey S. Otto","Eastern NC",,
"7911019EWFRE0062.jpg","12/20/2019","12/20/2019","Eric Waters Photography","Eastern NC",,
"7911019EWFRE20145.jpg","12/20/2019","12/20/2019","Eric Waters Photography","Eastern NC",,
"SUB_79105SUB0019.jpg","12/20/2019","12/20/2019","Courtesy of North Carolina Ports","Eastern NC",,
"SUB_79106SUB116.jpg","12/20/2019","12/20/2019","Courtesy of North Carolina Ports","Eastern NC",,
"SUB_7910920SUB024.jpg","12/20/2019","12/20/2019","Courtesy of Edcombe Community College","Eastern NC",,
"SUB_7910920SUB035.jpg","12/20/2019","12/20/2019","Courtesy of Edcombe Community College/Ron Sowers","Eastern NC",,
"SUB_7910920SUB060.jpg","12/20/2019","12/20/2019","Lenoir Community College","Eastern NC",,
"SUB_7910920SUB239.jpg","12/20/2019","12/20/2019","Gray Whitley","Eastern NC",,
"3434180DEFRE024.jpg","12/20/2019","12/20/2019","Eric Waters Photography","Eastern NC",,
"Springfield-Abe-Lincoln-Home.jpg","01/02/2020","01/02/2020","Photo courtesy of Springfield Convention and Visitors Bureau","Springfield IL Abe Lincoln house",,
"Downtown-Spfld-Famers-Market.jpg","01/02/2020","01/02/2020","Photo courtesy of Springfield Convention and Visitors Bureau",,,
"Downhome Music Fest_StageView.jpg","01/02/2020","01/02/2020","Photo courtesy of Springfield Convention and Visitors Bureau",,,
"Route 66 Mother Road Festival parade.jpg","01/02/2020","01/02/2020","Photo courtesy of Springfield Convention and Visitors Bureau",,,
"IL State Capitol_Lincoln Statue.jpg","01/02/2020","01/02/2020","Photo courtesy of Springfield Convention and Visitors Bureau",,,
"Presidential-Half-Marathon_Old-IL-State-Capitol.jpg","01/02/2020","01/02/2020","Photo courtesy of Springfield Convention and Visitors Bureau",,,
"8571019AMFRE0263.jpg","01/03/2020","01/03/2020","Art Meripol","Oxford, MS Parks",,"Oxford"
"8572002SUB036 copy.jpg","01/03/2020","01/03/2020","Petre Thomas","Oxford, MS: Ole Miss",,"Oxford"
"8572002SUB043.jpg","01/03/2020","01/03/2020","Ronnie Harris/McEwen's","Oxford, MS Dining",,"Oxford"
"8571019AMFRE0240.jpg","01/03/2020","01/03/2020","Art Meripol","Oxford, MS Parks and Recreation",,"Oxford"
"jackdanieltasting.jpg","01/06/2020","01/06/2020","Cara Sanders","Lynchburg TN",,"Lynchburg"
"8540719HNFREE1884.jpg","01/06/2020","01/06/2020","Heather Nash","Ann Arbor, MI: SPARK East Innovation",,"Ann Arbor"
"85419sub0026.jpg","01/06/2020","01/06/2020","KLA","Ann Arbor, MI: KLA",,"Ann Arbor"
"SPARK East remodel March 1 2019-2.jpg","01/06/2020","01/06/2020","SPARK East","Ann Arbor, MI: SPARK East",,"Ann Arbor"
"Tennessee-Bucket-List.jpg","01/07/2020","01/07/2020","Jeff Adkins","Cumberland Caverns concert",,
"6960918JWA8444.jpg","01/07/2020","01/07/2020","Jeff Adkins","Southern Idaho",,"Twin Falls"
"6960918JWA9818.jpg","01/07/2020","01/07/2020","Jeff Adkins","Southern Idaho",,"Twin Falls"
"6960919JWA0313.jpg","01/07/2020","01/07/2020","Jeff Adkins","Southern Idaho",,"Twin Falls"
"6960919JWA0412.jpg","01/07/2020","01/07/2020","Jeff Adkins","Southern Idaho",,"Twin Falls"
"6960919JWA0622.jpg","01/07/2020","01/07/2020","Jeff Adkins","Southern Idaho",,"Twin Falls"
"6960919JWA2146.jpg","01/07/2020","01/07/2020","Jeff Adkins","Southern Idaho",,"Twin Falls"
"7951901SUB412_0.jpg","01/08/2020","01/08/2020","Marble Street Studio/City of Albuquerque","Rio Rancho, NM Schools",,"Rio Rancho"
"8660619SSFREE2084_0.jpg","01/08/2020","01/08/2020","Sergio Salvador","Rio Rancho, NM Colleges",,"Rio Rancho"
"8660619SSFREE1973_1.jpg","01/08/2020","01/08/2020","Sergio Salvador","Rio Rancho, NM Community Colleges",,"Rio Rancho"
"TheCaverns.jpg","01/08/2020","01/08/2020","Photo Courtesy of The Caverns","The Caverns",,"Pelham"
"SUB_8682001SUB0167.jpg","01/08/2020","01/08/2020","Courtesy of Visit Great Falls","Great Falls MT",,"Great Falls"
"SUB_8682001SUB0402.jpg","01/08/2020","01/08/2020","Courtesy of Visit Great Falls","Great Falls MT",,"Great Falls"
"SUB_8682001SUB0433.jpg","01/08/2020","01/08/2020","Courtesy of Visit Great Falls / © Ginny Emery 2016","Great Falls MT",,"Great Falls"
"SUB_8682001SUB0581.jpg","01/08/2020","01/08/2020","Visit Great Falls/ © Ginny Emery 2014","Great Falls MT",,"Great Falls"
"SUB_8682001SUB0586.jpg","01/08/2020","01/08/2020","Visit Great Falls / © Ginny Emery 2014","Great Falls MT",,"Great Falls"
"SUB_8682001SUB0629.jpg","01/08/2020","01/08/2020","Visit Great Falls/ © Ginny Emery 2014","Great Falls MT",,"Great Falls"
"8681019AFFRE4149.jpg","01/08/2020","01/08/2020","Fern Photography","Great Falls MT",,"Great Falls"
"8681019AFFRE4187.jpg","01/08/2020","01/08/2020","Fern Photography","Great Falls MT",,"Great Falls"
"8681019AFFRE4358.jpg","01/08/2020","01/08/2020","Fern Photography","Great Falls MT",,"Great Falls"
"SUB_8682001SUB0376.jpg","01/08/2020","01/08/2020","Courtesy of Visit Great Falls","Great Falls MT",,"Great Falls"
"SUB_8682001SUB0874.jpg","01/08/2020","01/08/2020","Courtesy of Benefis Health","Great Falls MT",,"Great Falls"
"SUB_8682001SUB0881.jpg","01/08/2020","01/08/2020","Courtesy of GFCMSU","Great Falls MT",,"Great Falls"
"SUB_8682001SUB0886.jpg","01/08/2020","01/08/2020","Courtesy of GFCMSU","Great Falls MT",,"Great Falls"
"SUB_8682001SUB0894.jpg","01/08/2020","01/08/2020","John Godwin","Great Falls MT",,"Great Falls"
"GreatFalls2020v1W.jpg","04/10/2020","01/08/2020",,"Livability Great Falls, MT magazine",,
"CloudComputing-PersonatDesk-half.jpg","01/08/2020","01/08/2020","Illustration via iStock/Lenok","Great Falls MT",,"Great Falls"
"cheryl reeve living the dream.jpg","01/09/2020","01/09/2020","NBAE/Getty Images","Minnesota Lynx Coach Cheryl Reeve",,
"minnesota lynx coach cheryl reeve.jpg","01/09/2020","01/09/2020","NBAE/Getty Images","Minnesota Lynx Coach Cheryl Reeve",,
"Minnesota Lynx_0.jpg","01/09/2020","01/09/2020","NBAE/Getty Images","Minnesota Lynx",,
"Minnesota Lynx huddle.jpg","01/09/2020","01/09/2020","NBAE/Getty Images","Minnesota Lynx",,
"Minnesota Lynx game photo.jpg","01/09/2020","01/09/2020","NBAE/Getty Images","Minnesota Lynx",,
"8670819NL1174.jpg","01/09/2020","01/09/2020","Nathan Lambrecht","Cedar Rapids, IA: Sykora Bakery",,"Cedar Rapids"
"8672001SUB166.jpg","01/09/2020","01/09/2020","JosephGreenStudios","Cedar Rapids, IA Museums",,"Cedar Rapids"
"8670819NL1293.jpg","01/09/2020","01/09/2020","Nathan Lambrecht","Cedar Rapids, IA: Czech Village/New Bohemia District",,"Cedar Rapids"
"8672001SUB167.JPG","01/09/2020","01/09/2020","National Czech & Slovak Museum","Cedar Rapids, IA Museums",,"Cedar Rapids"
"85419sub3023.jpg","01/09/2020","01/09/2020","Courtesy of Groundspeed Analytics","Ann Arbor, MI Tech Companies",,"Ann Arbor"
"8540719HNFREE1921.jpg","01/09/2020","01/09/2020","Heather Nash","Ann Arbor, MI SPARK East",,"Ann Arbor"
"85419sub3022.jpg","01/09/2020","01/09/2020","Courtesy of Groundspeed Analytics","Ann Arbor, MI: Groundspeed Analytics",,"Ann Arbor"
"82302SUB030 copy.jpg","01/10/2020","01/10/2020",,,,
"82302SUB030 copy_0.jpg","01/10/2020","01/10/2020","Johns Hopkins Applied Physics Lab","Baltimore, MD: Johns Hopkins (APL)",,"Baltimore"
"82303sub0003.jpg","01/10/2020","01/10/2020","Stephen Spartana","Baltimore, MD Universities",,"Baltimore"
"iowa-caucus-essay.jpg","01/13/2020","01/13/2020",,,,
"Jessica Carney.jpg","01/13/2020","01/13/2020",,,,
"Warren.jpg","01/13/2020","01/13/2020",,,,
"Booker.jpg","01/13/2020","01/13/2020",,,,
"Castro meeting.jpg","01/13/2020","01/13/2020",,,,
"Baltimore_logos.jpg","01/13/2020","01/13/2020",,,,"Baltimore"
"Baltimore_logos_0.jpg","01/13/2020","01/13/2020",,,,"Baltimore"
"Baltimorelogo.jpg","01/13/2020","01/13/2020",,,,"Baltimore"
"amazon.jpg","01/13/2020","01/13/2020","Cecil County Office of Economic Development","Amazon has local facilities in Cecil County, Maryland.",,
"Cecil-County-Maryland-blue-box.jpg","01/13/2020","01/13/2020","Cecil County Office of Economic Development","Fireworks in Cecil County, Maryland",,
"composites-tank.jpg","01/13/2020","01/13/2020","Cecil County Office of Economic Development","Cecil County, Maryland, features a diverse mix of businesses.",,
"solitary-shore.jpg","01/13/2020","01/13/2020","Walter Dorsett","Residents enjoy beautiful shorelines in Cecil County, Maryland.",,
"CECIL-COUNTY-COVER.jpg","01/13/2020","01/13/2020",,"Cecil County Maryland Is an Ideal Location for Your Business",,
"CECIL-COUNTY-LOGO.jpg","01/13/2020","01/13/2020",,"Cecil County, Maryland Office of Economic Development",,
"iowa caucus fb dimensions.jpg","01/14/2020","01/14/2020",,,,
"iStock-828209686_0.jpg","01/14/2020","01/14/2020","peeterv/iStock.com","Baltimore, MD Neighborhoods",,"Baltimore"
"Apartment at Anthem House.jpg","01/14/2020","01/14/2020","Ray Cavicchio Photography","Baltimore, MD: Anthem House",,"Baltimore"
"82319sub0110.jpg","01/14/2020","01/14/2020","Jeffrey Sauers","Baltimore, MD Port",,"Baltimore"
"3418537516_02dc415a03_o.jpg","01/14/2020","01/14/2020","Greg Pease","Baltimore, MD Airport",,"Baltimore"
"31242117927_4249e48d6b_o.jpg","01/14/2020","01/14/2020","Greg Pease","Baltimore, MD Airport",,"Baltimore"
"82319sub0089.jpg","01/14/2020","01/14/2020","MDOT Maryland Port Administration","Baltimore, MD Port Administration",,"Baltimore"
"82319sub0028.jpg","01/14/2020","01/14/2020","Artemas Mott","Baltimore, MD Community Colleges",,"Baltimore"
"82319sub0027.jpg","01/14/2020","01/14/2020","Artemas Mott","Baltimore, MD Community Colleges",,"Baltimore"
"82303sub0041.jpg","01/14/2020","01/14/2020","Stephen Cherry","Baltimore, MD Community Colleges",,"Baltimore"
"iStock-856866316.jpg","01/14/2020","01/14/2020","iStock.com/SeventyFour","altimore, MD Cybersecurity",,"Baltimore"
"iStock-856866316_0.jpg","01/14/2020","01/14/2020","iStock.com/SeventyFour","Baltimore, MD Cybersecurity",,"Baltimore"
"47735634821_774289e46c_o.jpg","01/14/2020","01/14/2020","Flickr.com/Fort George G. Meade Public Affairs Office","Baltimore, MD: Military Security",,"Baltimore"
"82302SUB034.jpg","01/14/2020","01/14/2020","Tim Teeling","Baltimore, MD: Tenable",,"Baltimore"
"VermontCider.jpg","01/15/2020","01/15/2020","Facebook.com/WoodchuckCider","VT",,
"18.06.17_SoLady_OxfordMs0271.jpg","01/16/2020","01/16/2020","Art Meripol","Oxford, MS Downtown",,"Oxford"
"8572002SUB016.jpg","01/16/2020","01/16/2020","Courtesy of Visit Oxford","Oxford, MS Downtown",,"Oxford"
"SPARK Stacked Logo Official.png","01/16/2020","01/16/2020",,,,
"8572002SUB032.jpg","01/16/2020","01/16/2020","Paul Gandy","Oxford, MS Businesses",,"Oxford"
"8571915SUB031 copy.jpg","01/16/2020","01/16/2020","Lafayette County School District","Oxford, MS Schools",,"Oxford"
"8571915SUB041.jpg","01/16/2020","01/16/2020","Heather Lenard/Oxford School District","Oxford, MS Schools",,"Oxford"
"SLOCA3.jpg","01/16/2020","01/16/2020","Courtesy of Visit SLO CAL","San Luis Obispo CA",,"San Luis Obispo"
"SLOCA4.jpg","01/16/2020","01/16/2020","Courtesy of Brad Daane, Great Daane Graphics","San Luis Obispo CA",,"San Luis Obispo"
"SLOCA7.jpg","01/16/2020","01/16/2020","Courtesy of Brad Daane, Great Daane Graphics","San Luis Obispo CA",,"San Luis Obispo"
"SLOCA12.jpg","01/16/2020","01/16/2020","Courtesy of San Luis Obispo Botanical Garden","San Luis Obispo CA",,"San Luis Obispo"
"SLOCA13.jpg","01/16/2020","01/16/2020","Courtesy of San Luis Obispo Botanical Garden","San Luis Obispo CA",,"San Luis Obispo"
"SLOCA14.jpg","01/16/2020","01/16/2020","Courtesy of San Luis Obispo Botanical Garden","San Luis Obispo CA",,"San Luis Obispo"
"SLOCA17.jpg","01/16/2020","01/16/2020","Sarah Kuta","San Luis Obispo CA",,"San Luis Obispo"
"SLOCA18.jpg","01/16/2020","01/16/2020","Sarah Kuta","San Luis Obispo CA",,"San Luis Obispo"
"SLOCA19.jpg","01/16/2020","01/16/2020","Sarah Kuta","San Luis Obispo CA",,"San Luis Obispo"
"San Luis Obispo Guide.jpg","01/17/2020","01/17/2020","Photo courtesy Visit SLO CAL",,,
"kool-aid beer.jpg","01/21/2020","01/21/2020","Photo by Sarah Kuta",,,
"Flavor Aid.jpg","01/21/2020","01/21/2020","Photo by Sarah Kuta",,,
"8732001SUB004.jpg","01/21/2020","01/21/2020","Chad Slattery","Covington, KY: Amazon Air Hub",,"Covington"
"8732001SUB015.jpg","01/21/2020","01/21/2020","Newport Aquarium","Newport, KY Aquarium",,"Newport"
"8732001SUB021.jpg","01/21/2020","01/21/2020","Photo Courtesy of Amazon","Northern Kentucky: CVG Airport",,"Covington"
"8732001SUB020.jpg","01/21/2020","01/21/2020","Photo Courtesy of Amazon","Covington, KY: Cincinnati/Northern Kentucky Airport",,"Covington"
"8732001SUB039.jpg","01/21/2020","01/21/2020","Courtesy of NKU INKUbator","Northern Kentucky Entrepreneurs",,"Covington"
"8732001SUB040.jpg","01/21/2020","01/21/2020","Courtesy of NKU INKUBATOR","Northern Kentucky: NKU INKUBATOR",,"Covington"
"8732001SUB117.jpg","01/21/2020","01/21/2020","Courtesy of the Purple People Bridge","Northern Kentucky Riverfront",,"Covington"
"Great-American-Ball-Park_1.jpg","01/21/2020","01/21/2020","Leigh Taylor","Cincinnati, OH: Great American Ball Park",,"Cincinnati"
"MDT1009190120.jpg","01/21/2020","01/21/2020","Michael Dominic Tedesco","Northern Kentucky Medical Schools",,"Covington"
"MDT1009190594.jpg","01/21/2020","01/21/2020","Michael Dominic Tedesco","Northern Kentucky Health Care",,"Covington"
"MDT1009190961.jpg","01/21/2020","01/21/2020","Michael Dominic Tedesco","Northern Kentucky Medical Programs",,"Covington"
"MDT1009191211.jpg","01/21/2020","01/21/2020","Michael Dominic Tedesco","Northern Kentucky Riverfront",,"Covington"
"First Street Brewing.jpg","01/21/2020","01/21/2020","Photo courtesy of First Street Brewing",,,
"MDT1010191833.jpg","01/21/2020","01/21/2020","Michael Dominic Tedesco","Northern Kentucky School Programs",,"Covington"
"MDT1010191961.jpg","01/21/2020","01/21/2020","Michael Dominic Tedesco","Northern Kentucky Schools",,"Covington"
"MDT1010192160.jpg","01/21/2020","01/21/2020","Michael Dominic Tedesco","Northern Kentucky Bourbon Barrels",,"Covington"
"MDT1010192482.jpg","01/21/2020","01/21/2020","Michael Dominic Tedesco","Northern Kentucky Dining",,"Covington"
"MDT1010192942.jpg","01/21/2020","01/21/2020","Michael Dominic Tedesco","Northern Kentucky Breweries",,"Covington"
"Hastings NE.jpg","01/21/2020","01/21/2020","Photo courtesy of First Street Brewing",,,
"8732001SUB028.jpg","01/21/2020","01/21/2020","Marian Lockhart","Covington, KY: DHL Express",,"Covington"
"Ryan Bell.jpg","01/22/2020","01/22/2020",,,,
"Rotary.jpg","01/22/2020","01/22/2020","©Rotary International",,,
"MDT1010191999 copy.jpg","01/22/2020","01/22/2020","Michael Dominic Tedesco","Northern Kentucky Schools",,"Covington"
"MDT1010191833_0.jpg","01/22/2020","01/22/2020","Michael Dominic Tedesco","Northern Kentucky Schools",,"Covington"
"MDT1010191961 copy.jpg","01/22/2020","01/22/2020","Michael Dominic Tedesco","Northern Kentucky School Programs",,"Covington"
